1;501;BA621NA;1;1.1.2014;2.1.2014;
2;502;BA540ME;2;2.1.2014;2.1.2014;
3;503;BL323BA;3;3.1.2014;3.1.2014;
4;504;BA788DE;4;4.1.2014;4.1.2014;
5;505;BA011OT;3;5.1.2014;5.1.2014;
6;506;BA345LO;3;6.1.2014;6.1.2014;
7;507;BA448DA;;7.1.2014;7.1.2014;
8;508;BA494EA;4;8.1.2014;8.1.2014;
9;509;BA831HS;;9.1.2014;9.1.2014;
10;510;BA540AL;;10.1.2014;10.1.2014;
11;511;BA501AO;5;11.1.2014;11.1.2014;
12;512;SN207CR;;12.1.2014;12.1.2014;
13;513;BA895JU;;13.1.2014;13.1.2014;
14;514;BL772DO;;14.1.2014;15.1.2014;
15;515;BL788EU;6;15.1.2014;15.1.2014;
16;516;NR263GV;;16.1.2014;16.1.2014;
17;517;MA605CV;;17.1.2014;17.1.2014;
18;518;BA914DS;;18.1.2014;18.1.2014;
19;519;BA416KK;;19.1.2014;19.1.2014;
20;520;BA586NS;;20.1.2014;20.1.2014;
21;521;RK558BN;;21.1.2014;21.1.2014;
22;522;MA324AS;;22.1.2014;22.1.2014;
23;523;BA118VM;7;23.1.2014;23.1.2014;
24;524;BA110JB;;24.1.2014;24.1.2014;
25;525;LM726AM;;25.1.2014;25.1.2014;
26;526;BA232BD;;26.1.2014;26.1.2014;
27;527;BA392TT;;27.1.2014;28.1.2014;
28;528;NR815EP;;28.1.2014;29.1.2014;
29;529;BA364VS;;29.1.2014;29.1.2014;
30;530;BA366VN;;30.1.2014;30.1.2014;
31;531;BL596LR;;31.1.2014;31.1.2014;
32;532;BA826YK;8;1.2.2014;1.2.2014;
33;533;BA028BA;;2.2.2014;2.2.2014;
34;534;BA114EB;;3.2.2014;3.2.2014;
35;535;BA984GE;;4.2.2014;4.2.2014;
36;536;GA027DZ;;5.2.2014;5.2.2014;
37;537;BA822CA;;6.2.2014;6.2.2014;
38;538;MI981AZ;;7.2.2014;7.2.2014;
39;539;BA623DI;;8.2.2014;8.2.2014;
40;540;BA110RC;;9.2.2014;9.2.2014;
41;541;PK966BL;;10.2.2014;10.2.2014;
42;542;BL387BV;;11.2.2014;12.2.2014;
43;543;BL643DJ;9;12.2.2014;13.2.2014;
44;544;BA486UC;;13.2.2014;13.2.2014;
45;545;BA030BK;;14.2.2014;14.2.2014;
46;546;BA762XF;;15.2.2014;15.2.2014;
47;547;BA956AT;;16.2.2014;16.2.2014;
48;548;BB496AM;;17.2.2014;17.2.2014;
49;549;BA433FO;;18.2.2014;18.2.2014;
50;550;BA189BI;;19.2.2014;19.2.2014;
51;551;BA528CP;10;20.2.2014;20.2.2014;
52;552;SE120AS;;21.2.2014;21.2.2014;
53;553;BA292UH;;22.2.2014;22.2.2014;
54;554;BA950RN;;23.2.2014;23.2.2014;
55;555;BA374VL;;24.2.2014;24.2.2014;
56;556;BL437GZ;;25.2.2014;25.2.2014;
57;557;RV818BV;11;26.2.2014;26.2.2014;
58;558;BL560JH;;27.2.2014;27.2.2014;
59;559;BA042JE;;28.2.2014;28.2.2014;
60;560;BA511TE;;1.3.2014;1.3.2014;
61;561;BA330VG;;2.3.2014;2.3.2014;
62;562;BA028VL;;3.3.2014;3.3.2014;
63;563;BL437KO;12;4.3.2014;5.3.2014;
64;564;BA228LM;;5.3.2014;7.3.2014;
65;565;BA928ML;;6.3.2014;6.3.2014;
66;566;BA806KP;;7.3.2014;7.3.2014;
67;567;TO803AZ;;8.3.2014;8.3.2014;
68;568;BA341KR;;9.3.2014;9.3.2014;
69;569;BA185CK;;10.3.2014;10.3.2014;
70;570;BA311HC;;11.3.2014;11.3.2014;
71;571;BA737CK;;12.3.2014;12.3.2014;
72;572;RS797BB;;13.3.2014;13.3.2014;
73;573;SA247BE;13;14.3.2014;14.3.2014;
74;574;MI660CR;;15.3.2014;15.3.2014;
75;575;MA502BY;;16.3.2014;16.3.2014;
76;576;BL074AD;;17.3.2014;17.3.2014;
77;577;BA621NA;;18.3.2014;18.3.2014;
78;578;BA540ME;;19.3.2014;19.3.2014;
79;579;BL323BA;;20.3.2014;20.3.2014;
80;580;BA788DE;;21.3.2014;21.3.2014;
81;581;BA011OT;14;22.3.2014;22.3.2014;
82;582;BA345LO;;23.3.2014;23.3.2014;
83;583;BA448DA;;24.3.2014;24.3.2014;
84;584;BA494EA;;25.3.2014;25.3.2014;
85;585;BA831HS;;26.3.2014;26.3.2014;
86;586;BA540AL;;27.3.2014;27.3.2014;
87;587;BA501AO;;28.3.2014;28.3.2014;
88;588;SN207CR;;29.3.2014;29.3.2014;
89;589;BA895JU;15;30.3.2014;30.3.2014;
90;590;BL772DO;;31.3.2014;31.3.2014;
91;591;BL788EU;;1.4.2014;1.4.2014;
92;592;NR263GV;;2.4.2014;2.4.2014;
93;593;MA605CV;;3.4.2014;3.4.2014;
94;594;BA914DS;;4.4.2014;4.4.2014;
95;595;BA416KK;;5.4.2014;5.4.2014;
96;596;BA586NS;;6.4.2014;6.4.2014;
97;597;RK558BN;16;7.4.2014;7.4.2014;
98;598;MA324AS;;8.4.2014;8.4.2014;
99;599;BA118VM;;9.4.2014;9.4.2014;
100;600;BA110JB;;10.4.2014;10.4.2014;
101;601;LM726AM;;11.4.2014;11.4.2014;
102;602;BA232BD;;12.4.2014;12.4.2014;
103;603;BA392TT;;13.4.2014;13.4.2014;
104;604;NR815EP;;14.4.2014;14.4.2014;
105;605;BA364VS;;15.4.2014;15.4.2014;
106;606;BA366VN;;16.4.2014;16.4.2014;
107;607;BL596LR;17;17.4.2014;17.4.2014;
108;608;BA826YK;;18.4.2014;18.4.2014;
109;609;BA028BA;;19.4.2014;19.4.2014;
110;610;BA114EB;;20.4.2014;20.4.2014;
111;611;BA984GE;;21.4.2014;21.4.2014;
112;612;GA027DZ;;22.4.2014;22.4.2014;
113;613;BA822CA;;23.4.2014;23.4.2014;
114;614;MI981AZ;;24.4.2014;24.4.2014;
115;615;BA623DI;;25.4.2014;25.4.2014;
116;616;BA110RC;;26.4.2014;26.4.2014;
117;617;PK966BL;;27.4.2014;27.4.2014;
118;618;BL387BV;;28.4.2014;28.4.2014;
119;619;BL643DJ;;29.4.2014;29.4.2014;
120;620;BA486UC;;30.4.2014;30.4.2014;
121;621;BA030BK;;1.5.2014;1.5.2014;
122;622;BA762XF;;2.5.2014;2.5.2014;
123;623;BA956AT;;3.5.2014;3.5.2014;
124;624;BB496AM;;4.5.2014;4.5.2014;
125;625;BA433FO;18;5.5.2014;5.5.2014;
126;626;BA189BI;;6.5.2014;6.5.2014;
127;627;BA528CP;;7.5.2014;7.5.2014;
128;628;SE120AS;;8.5.2014;8.5.2014;
129;629;BA292UH;;9.5.2014;9.5.2014;
130;630;BA950RN;;10.5.2014;10.5.2014;
131;631;BA374VL;;11.5.2014;11.5.2014;
132;632;BL437GZ;;12.5.2014;12.5.2014;
133;633;RV818BV;;13.5.2014;13.5.2014;
134;634;BL560JH;;14.5.2014;14.5.2014;
135;635;BA042JE;;15.5.2014;15.5.2014;
136;636;BA511TE;;16.5.2014;16.5.2014;
137;637;BA330VG;;6.6.2015;6.6.2015;
138;638;BA028VL;;7.6.2015;7.6.2015;
139;639;BL437KO;;8.6.2015;8.6.2015;
140;640;BA228LM;;9.6.2015;9.6.2015;
141;641;BA928ML;;10.6.2015;10.6.2015;
142;642;BA806KP;;11.6.2015;11.6.2015;
143;643;TO803AZ;;12.6.2015;12.6.2015;
144;644;BA341KR;;13.6.2015;13.6.2015;
145;645;BA185CK;;14.6.2015;14.6.2015;
146;646;BA311HC;;15.6.2015;15.6.2015;
147;647;BA737CK;;16.6.2015;16.6.2015;
148;648;RS797BB;;17.6.2015;17.6.2015;
149;649;SA247BE;;18.6.2015;18.6.2015;
150;650;MI660CR;;19.6.2015;19.6.2015;
151;651;MA502BY;;20.6.2015;20.6.2015;
152;652;BL074AD;;21.6.2015;21.6.2015;
153;653;BA621NA;;22.6.2015;22.6.2015;
154;654;BA540ME;;23.6.2015;23.6.2015;
155;655;BL323BA;19;24.6.2015;24.6.2015;
156;656;BA788DE;;25.6.2015;25.6.2015;
157;657;BA011OT;;26.6.2015;26.6.2015;
158;658;BA345LO;;27.6.2015;27.6.2015;
159;659;BA448DA;;28.6.2015;28.6.2015;
160;660;BA494EA;;29.6.2015;29.6.2015;
161;661;BA831HS;;30.6.2015;30.6.2015;
162;662;BA540AL;;1.7.2015;1.7.2015;
163;663;BA501AO;;2.7.2015;3.7.2015;
164;664;SN207CR;;3.7.2015;4.7.2015;
165;665;BA895JU;;4.7.2015;5.7.2015;
166;666;BL772DO;;5.7.2015;5.7.2015;
167;667;BL788EU;;6.7.2015;6.7.2015;
168;668;NR263GV;;7.7.2015;7.7.2015;
169;669;MA605CV;;8.7.2015;8.7.2015;
170;670;BA914DS;;9.7.2015;9.7.2015;
171;671;BA416KK;;10.7.2015;10.7.2015;
172;672;BA586NS;;11.7.2015;11.7.2015;
173;673;RK558BN;;12.7.2015;12.7.2015;
174;674;MA324AS;;13.7.2015;13.7.2015;
175;675;BA118VM;;14.7.2015;14.7.2015;
177;677;LM726AM;;8.8.2016;8.8.2016;
178;678;BA232BD;;9.8.2016;9.8.2016;
179;679;BA392TT;;10.8.2016;10.8.2016;
180;680;NR815EP;;11.8.2016;11.8.2016;
181;681;BA364VS;;12.8.2016;12.8.2016;
182;682;BA366VN;;13.8.2016;13.8.2016;
183;683;BL596LR;;14.8.2016;14.8.2016;
184;684;BA826YK;;15.8.2016;15.8.2016;
185;685;BA028BA;;16.8.2016;16.8.2016;
186;686;BA114EB;;17.8.2016;17.8.2016;
187;687;BA984GE;;18.8.2016;18.8.2016;
188;688;GA027DZ;;19.8.2016;19.8.2016;
189;689;BA822CA;;20.8.2016;20.8.2016;
190;690;MI981AZ;;21.8.2016;22.8.2016;
191;691;BA623DI;;22.8.2016;23.8.2016;
192;692;BA110RC;;23.8.2016;23.8.2016;
193;693;PK966BL;;24.8.2016;24.8.2016;
194;694;BL387BV;;25.8.2016;25.8.2016;
195;695;BL643DJ;;26.8.2016;26.8.2016;
196;696;BA486UC;;27.8.2016;27.8.2016;
197;697;BA030BK;20;28.8.2016;28.8.2016;
199;699;BA956AT;;30.8.2016;30.8.2016;
200;700;BB496AM;;31.8.2016;31.8.2016;
201;;701;BA433FO;;1.9.2016;1.9.2016;
202;702;BA189BI;;2.9.2016;2.9.2016;
203;703;BA528CP;;3.9.2016;3.9.2016;
204;704;SE120AS;;4.9.2016;4.9.2016;
205;705;BA292UH;;5.9.2016;5.9.2016;
206;706;BA950RN;;6.9.2016;6.9.2016;
207;707;BA374VL;;7.9.2016;7.9.2016;
208;708;BL437GZ;;8.9.2016;8.9.2016;
209;709;RV818BV;;9.9.2016;9.9.2016;
210;710;BL560JH;;10.9.2016;10.9.2016;
211;711;BA042JE;;11.9.2016;11.9.2016;
212;712;BA511TE;;12.9.2016;12.9.2016;
213;713;BA330VG;;13.9.2016;13.9.2016;
214;714;BA028VL;;14.9.2016;14.9.2016;
215;715;BL437KO;;15.9.2016;15.9.2016;
216;716;BA228LM;;16.9.2016;16.9.2016;
217;717;BA928ML;;17.9.2016;17.9.2016;
218;718;BA806KP;;18.9.2016;18.9.2016;
219;719;TO803AZ;;19.9.2016;19.9.2016;
220;720;BA341KR;;20.9.2016;20.9.2016;
221;721;BA185CK;;21.9.2016;21.9.2016;
222;722;BA311HC;;22.9.2016;22.9.2016;
223;723;BA737CK;;23.9.2016;23.9.2016;
224;724;RS797BB;;24.9.2016;24.9.2016;
225;725;SA247BE;;25.9.2016;25.9.2016;
226;726;MI660CR;;26.9.2016;26.9.2016;
227;727;MA502BY;;27.9.2016;27.9.2016;
228;728;BL074AD;;28.9.2016;28.9.2016;
229;729;BA621NA;;29.9.2016;29.9.2016;
230;730;BA540ME;;30.9.2016;30.9.2016;
231;731;BL323BA;;1.10.2016;1.10.2016;
232;732;BA788DE;;2.10.2016;2.10.2016;
233;733;BA011OT;;3.10.2016;3.10.2016;
234;734;BA345LO;;4.10.2016;4.10.2016;
235;735;BA448DA;;5.10.2016;5.10.2016;
236;736;BA494EA;;6.10.2016;6.10.2016;
237;737;BA831HS;;7.10.2016;7.10.2016;
238;738;BA540AL;;8.10.2016;8.10.2016;
239;739;BA501AO;;9.10.2016;9.10.2016;
