--------------------------------------------------------
--  File created - Wednesday-May-10-2017   
--------------------------------------------------------
--------------------------------------------------------
--  DDL for Table HISTORIA_PARKOVANIA
--------------------------------------------------------

  CREATE TABLE "ILLO2"."HISTORIA_PARKOVANIA" 
   (	"ID_HISTORIA" NUMBER, 
	"ID_MIESTA" NUMBER, 
	"SPZ" CHAR(7 BYTE), 
	"ID_REZERVACIA_PARK_MIESTO" NUMBER, 
	"ODKEDY" DATE, 
	"DOKEDY" DATE
   ) SEGMENT CREATION IMMEDIATE 
  PCTFREE 10 PCTUSED 40 INITRANS 1 MAXTRANS 255 NOCOMPRESS LOGGING
  STORAGE(INITIAL 65536 NEXT 1048576 MINEXTENTS 1 MAXEXTENTS 2147483645
  PCTINCREASE 0 FREELISTS 1 FREELIST GROUPS 1 BUFFER_POOL DEFAULT FLASH_CACHE DEFAULT CELL_FLASH_CACHE DEFAULT)
  TABLESPACE "USERS" ;
--------------------------------------------------------
--  DDL for Table KUPON
--------------------------------------------------------

  CREATE TABLE "ILLO2"."KUPON" 
   (	"ID_KUPON" NUMBER, 
	"ID_ZLAVA" NUMBER
   ) SEGMENT CREATION IMMEDIATE 
  PCTFREE 10 PCTUSED 40 INITRANS 1 MAXTRANS 255 NOCOMPRESS LOGGING
  STORAGE(INITIAL 65536 NEXT 1048576 MINEXTENTS 1 MAXEXTENTS 2147483645
  PCTINCREASE 0 FREELISTS 1 FREELIST GROUPS 1 BUFFER_POOL DEFAULT FLASH_CACHE DEFAULT CELL_FLASH_CACHE DEFAULT)
  TABLESPACE "USERS" ;
--------------------------------------------------------
--  DDL for Table PARKOVACIE_MIESTO
--------------------------------------------------------

  CREATE TABLE "ILLO2"."PARKOVACIE_MIESTO" 
   (	"ID_MIESTA" NUMBER, 
	"ID_ZONA" NUMBER
   ) SEGMENT CREATION IMMEDIATE 
  PCTFREE 10 PCTUSED 40 INITRANS 1 MAXTRANS 255 NOCOMPRESS LOGGING
  STORAGE(INITIAL 65536 NEXT 1048576 MINEXTENTS 1 MAXEXTENTS 2147483645
  PCTINCREASE 0 FREELISTS 1 FREELIST GROUPS 1 BUFFER_POOL DEFAULT FLASH_CACHE DEFAULT CELL_FLASH_CACHE DEFAULT)
  TABLESPACE "USERS" ;
--------------------------------------------------------
--  DDL for Table PLATBA
--------------------------------------------------------

  CREATE TABLE "ILLO2"."PLATBA" 
   (	"ID_HISTORIA" NUMBER, 
	"DATUM" DATE, 
	"CENA" NUMBER(*,0)
   ) SEGMENT CREATION IMMEDIATE 
  PCTFREE 10 PCTUSED 40 INITRANS 1 MAXTRANS 255 NOCOMPRESS LOGGING
  STORAGE(INITIAL 65536 NEXT 1048576 MINEXTENTS 1 MAXEXTENTS 2147483645
  PCTINCREASE 0 FREELISTS 1 FREELIST GROUPS 1 BUFFER_POOL DEFAULT FLASH_CACHE DEFAULT CELL_FLASH_CACHE DEFAULT)
  TABLESPACE "USERS" ;
--------------------------------------------------------
--  DDL for Table PREUKAZ
--------------------------------------------------------

  CREATE TABLE "ILLO2"."PREUKAZ" 
   (	"ID_PREUKAZ" NUMBER, 
	"ID_ZAKAZNIK" NUMBER, 
	"ZACIATOK_PLATNOSTI" DATE, 
	"KONIEC_PLATNOSTI" DATE
   ) SEGMENT CREATION IMMEDIATE 
  PCTFREE 10 PCTUSED 40 INITRANS 1 MAXTRANS 255 NOCOMPRESS LOGGING
  STORAGE(INITIAL 65536 NEXT 1048576 MINEXTENTS 1 MAXEXTENTS 2147483645
  PCTINCREASE 0 FREELISTS 1 FREELIST GROUPS 1 BUFFER_POOL DEFAULT FLASH_CACHE DEFAULT CELL_FLASH_CACHE DEFAULT)
  TABLESPACE "USERS" ;
--------------------------------------------------------
--  DDL for Table REZERVACIA
--------------------------------------------------------

  CREATE TABLE "ILLO2"."REZERVACIA" 
   (	"ID_REZERVACIA" NUMBER, 
	"ID_PREUKAZ" NUMBER, 
	"ID_KUPON" NUMBER, 
	"ZACIATOK" DATE, 
	"STAV" CHAR(3 BYTE), 
	"DLZKA" INTERVAL DAY (2) TO SECOND (6)
   ) SEGMENT CREATION IMMEDIATE 
  PCTFREE 10 PCTUSED 40 INITRANS 1 MAXTRANS 255 NOCOMPRESS LOGGING
  STORAGE(INITIAL 65536 NEXT 1048576 MINEXTENTS 1 MAXEXTENTS 2147483645
  PCTINCREASE 0 FREELISTS 1 FREELIST GROUPS 1 BUFFER_POOL DEFAULT FLASH_CACHE DEFAULT CELL_FLASH_CACHE DEFAULT)
  TABLESPACE "USERS" ;
--------------------------------------------------------
--  DDL for Table REZERVACIA_PARK_MIESTA
--------------------------------------------------------

  CREATE TABLE "ILLO2"."REZERVACIA_PARK_MIESTA" 
   (	"ID_REZERVACIA_PARK_MIESTO" NUMBER, 
	"ID_REZERVACIA" NUMBER, 
	"ID_MIESTA" NUMBER
   ) SEGMENT CREATION IMMEDIATE 
  PCTFREE 10 PCTUSED 40 INITRANS 1 MAXTRANS 255 NOCOMPRESS LOGGING
  STORAGE(INITIAL 65536 NEXT 1048576 MINEXTENTS 1 MAXEXTENTS 2147483645
  PCTINCREASE 0 FREELISTS 1 FREELIST GROUPS 1 BUFFER_POOL DEFAULT FLASH_CACHE DEFAULT CELL_FLASH_CACHE DEFAULT)
  TABLESPACE "USERS" ;
--------------------------------------------------------
--  DDL for Table TARIFA
--------------------------------------------------------

  CREATE TABLE "ILLO2"."TARIFA" 
   (	"ID_TARIFA" NUMBER, 
	"ID_ZONA" NUMBER, 
	"PLATNOST_OD" DATE, 
	"PLATNOST_DO" DATE, 
	"SUMA_ZA_HODINU" NUMBER(*,0), 
	"PLATENA_DOBA" CHAR(8 BYTE)
   ) SEGMENT CREATION IMMEDIATE 
  PCTFREE 10 PCTUSED 40 INITRANS 1 MAXTRANS 255 NOCOMPRESS LOGGING
  STORAGE(INITIAL 65536 NEXT 1048576 MINEXTENTS 1 MAXEXTENTS 2147483645
  PCTINCREASE 0 FREELISTS 1 FREELIST GROUPS 1 BUFFER_POOL DEFAULT FLASH_CACHE DEFAULT CELL_FLASH_CACHE DEFAULT)
  TABLESPACE "USERS" ;
--------------------------------------------------------
--  DDL for Table VOZIDLO
--------------------------------------------------------

  CREATE TABLE "ILLO2"."VOZIDLO" 
   (	"SPZ" CHAR(7 BYTE), 
	"ID_PREUKAZ" NUMBER, 
	"TYP_VOZIDLA" CHAR(1 BYTE)
   ) SEGMENT CREATION IMMEDIATE 
  PCTFREE 10 PCTUSED 40 INITRANS 1 MAXTRANS 255 NOCOMPRESS LOGGING
  STORAGE(INITIAL 65536 NEXT 1048576 MINEXTENTS 1 MAXEXTENTS 2147483645
  PCTINCREASE 0 FREELISTS 1 FREELIST GROUPS 1 BUFFER_POOL DEFAULT FLASH_CACHE DEFAULT CELL_FLASH_CACHE DEFAULT)
  TABLESPACE "USERS" ;
--------------------------------------------------------
--  DDL for Table ZAKAZNIK
--------------------------------------------------------

  CREATE TABLE "ILLO2"."ZAKAZNIK" 
   (	"ID_ZAKAZNIK" NUMBER, 
	"MENO" VARCHAR2(30 BYTE), 
	"PRIEZVISKO" VARCHAR2(30 BYTE), 
	"TYP" CHAR(1 BYTE)
   ) SEGMENT CREATION IMMEDIATE 
  PCTFREE 10 PCTUSED 40 INITRANS 1 MAXTRANS 255 NOCOMPRESS LOGGING
  STORAGE(INITIAL 65536 NEXT 1048576 MINEXTENTS 1 MAXEXTENTS 2147483645
  PCTINCREASE 0 FREELISTS 1 FREELIST GROUPS 1 BUFFER_POOL DEFAULT FLASH_CACHE DEFAULT CELL_FLASH_CACHE DEFAULT)
  TABLESPACE "USERS" ;
--------------------------------------------------------
--  DDL for Table ZLAVA
--------------------------------------------------------

  CREATE TABLE "ILLO2"."ZLAVA" 
   (	"ID_ZLAVA" NUMBER, 
	"NAZOV" VARCHAR2(30 BYTE), 
	"PERCENTA" NUMBER(*,0), 
	"ODKEDY" DATE, 
	"DOKEDY" DATE
   ) SEGMENT CREATION IMMEDIATE 
  PCTFREE 10 PCTUSED 40 INITRANS 1 MAXTRANS 255 NOCOMPRESS LOGGING
  STORAGE(INITIAL 65536 NEXT 1048576 MINEXTENTS 1 MAXEXTENTS 2147483645
  PCTINCREASE 0 FREELISTS 1 FREELIST GROUPS 1 BUFFER_POOL DEFAULT FLASH_CACHE DEFAULT CELL_FLASH_CACHE DEFAULT)
  TABLESPACE "USERS" ;
--------------------------------------------------------
--  DDL for Table ZLAVA_NA_PREUKAZ
--------------------------------------------------------

  CREATE TABLE "ILLO2"."ZLAVA_NA_PREUKAZ" 
   (	"ID_PREUKAZ" NUMBER, 
	"ID_ZLAVA" NUMBER, 
	"ZACIATOK_PLATNOSTI" DATE, 
	"DOKEDY" DATE
   ) SEGMENT CREATION IMMEDIATE 
  PCTFREE 10 PCTUSED 40 INITRANS 1 MAXTRANS 255 NOCOMPRESS LOGGING
  STORAGE(INITIAL 65536 NEXT 1048576 MINEXTENTS 1 MAXEXTENTS 2147483645
  PCTINCREASE 0 FREELISTS 1 FREELIST GROUPS 1 BUFFER_POOL DEFAULT FLASH_CACHE DEFAULT CELL_FLASH_CACHE DEFAULT)
  TABLESPACE "USERS" ;
--------------------------------------------------------
--  DDL for Table ZONA
--------------------------------------------------------

  CREATE TABLE "ILLO2"."ZONA" 
   (	"ID_ZONA" NUMBER, 
	"MAXIMALNA_DOBA" NUMBER(*,0), 
	"TYP_VOZIDLO" CHAR(1 BYTE), 
	"TYP_ZONA" CHAR(1 BYTE)
   ) SEGMENT CREATION IMMEDIATE 
  PCTFREE 10 PCTUSED 40 INITRANS 1 MAXTRANS 255 NOCOMPRESS LOGGING
  STORAGE(INITIAL 65536 NEXT 1048576 MINEXTENTS 1 MAXEXTENTS 2147483645
  PCTINCREASE 0 FREELISTS 1 FREELIST GROUPS 1 BUFFER_POOL DEFAULT FLASH_CACHE DEFAULT CELL_FLASH_CACHE DEFAULT)
  TABLESPACE "USERS" ;
REM INSERTING into ILLO2.HISTORIA_PARKOVANIA
SET DEFINE OFF;
Insert into ILLO2.HISTORIA_PARKOVANIA (ID_HISTORIA,ID_MIESTA,SPZ,ID_REZERVACIA_PARK_MIESTO,ODKEDY,DOKEDY) values (500,640,'BA486UC',null,to_date('11-MAY-17','DD-MON-RR'),null);
Insert into ILLO2.HISTORIA_PARKOVANIA (ID_HISTORIA,ID_MIESTA,SPZ,ID_REZERVACIA_PARK_MIESTO,ODKEDY,DOKEDY) values (507,640,'BA456AC',null,to_date('11-MAY-17','DD-MON-RR'),null);
Insert into ILLO2.HISTORIA_PARKOVANIA (ID_HISTORIA,ID_MIESTA,SPZ,ID_REZERVACIA_PARK_MIESTO,ODKEDY,DOKEDY) values (508,640,'BA456AC',null,to_date('11-MAY-17','DD-MON-RR'),to_date('11-MAY-17','DD-MON-RR'));
Insert into ILLO2.HISTORIA_PARKOVANIA (ID_HISTORIA,ID_MIESTA,SPZ,ID_REZERVACIA_PARK_MIESTO,ODKEDY,DOKEDY) values (509,640,'BA456AC',null,to_date('12-MAY-17','DD-MON-RR'),to_date('13-MAY-17','DD-MON-RR'));
Insert into ILLO2.HISTORIA_PARKOVANIA (ID_HISTORIA,ID_MIESTA,SPZ,ID_REZERVACIA_PARK_MIESTO,ODKEDY,DOKEDY) values (511,640,'BA030BK',null,to_date('15-MAY-17','DD-MON-RR'),to_date('15-MAY-17','DD-MON-RR'));
Insert into ILLO2.HISTORIA_PARKOVANIA (ID_HISTORIA,ID_MIESTA,SPZ,ID_REZERVACIA_PARK_MIESTO,ODKEDY,DOKEDY) values (512,640,'BA456AC',null,to_date('15-MAY-17','DD-MON-RR'),to_date('15-MAY-17','DD-MON-RR'));
Insert into ILLO2.HISTORIA_PARKOVANIA (ID_HISTORIA,ID_MIESTA,SPZ,ID_REZERVACIA_PARK_MIESTO,ODKEDY,DOKEDY) values (513,640,'BA189BI',null,to_date('15-MAY-17','DD-MON-RR'),to_date('16-MAY-17','DD-MON-RR'));
Insert into ILLO2.HISTORIA_PARKOVANIA (ID_HISTORIA,ID_MIESTA,SPZ,ID_REZERVACIA_PARK_MIESTO,ODKEDY,DOKEDY) values (514,640,'BA762XF',null,to_date('16-APR-17','DD-MON-RR'),to_date('16-APR-17','DD-MON-RR'));
Insert into ILLO2.HISTORIA_PARKOVANIA (ID_HISTORIA,ID_MIESTA,SPZ,ID_REZERVACIA_PARK_MIESTO,ODKEDY,DOKEDY) values (520,640,'BA456AC',null,to_date('11-MAR-17','DD-MON-RR'),null);
Insert into ILLO2.HISTORIA_PARKOVANIA (ID_HISTORIA,ID_MIESTA,SPZ,ID_REZERVACIA_PARK_MIESTO,ODKEDY,DOKEDY) values (521,640,'BA456AC',null,to_date('11-MAR-17','DD-MON-RR'),to_date('11-MAR-17','DD-MON-RR'));
Insert into ILLO2.HISTORIA_PARKOVANIA (ID_HISTORIA,ID_MIESTA,SPZ,ID_REZERVACIA_PARK_MIESTO,ODKEDY,DOKEDY) values (522,640,'BA456AC',null,to_date('12-MAR-17','DD-MON-RR'),to_date('13-MAR-17','DD-MON-RR'));
Insert into ILLO2.HISTORIA_PARKOVANIA (ID_HISTORIA,ID_MIESTA,SPZ,ID_REZERVACIA_PARK_MIESTO,ODKEDY,DOKEDY) values (524,640,'BA030BK',null,to_date('15-MAR-17','DD-MON-RR'),to_date('15-MAR-17','DD-MON-RR'));
Insert into ILLO2.HISTORIA_PARKOVANIA (ID_HISTORIA,ID_MIESTA,SPZ,ID_REZERVACIA_PARK_MIESTO,ODKEDY,DOKEDY) values (525,640,'BA456AC',null,to_date('15-MAR-17','DD-MON-RR'),to_date('15-MAR-17','DD-MON-RR'));
Insert into ILLO2.HISTORIA_PARKOVANIA (ID_HISTORIA,ID_MIESTA,SPZ,ID_REZERVACIA_PARK_MIESTO,ODKEDY,DOKEDY) values (526,640,'BA189BI',null,to_date('15-MAR-17','DD-MON-RR'),to_date('16-MAR-17','DD-MON-RR'));
Insert into ILLO2.HISTORIA_PARKOVANIA (ID_HISTORIA,ID_MIESTA,SPZ,ID_REZERVACIA_PARK_MIESTO,ODKEDY,DOKEDY) values (531,1,'BA448DA',null,to_date('11-MAR-17','DD-MON-RR'),null);
Insert into ILLO2.HISTORIA_PARKOVANIA (ID_HISTORIA,ID_MIESTA,SPZ,ID_REZERVACIA_PARK_MIESTO,ODKEDY,DOKEDY) values (532,1,'BA448DA',null,to_date('11-MAR-17','DD-MON-RR'),to_date('11-MAR-17','DD-MON-RR'));
Insert into ILLO2.HISTORIA_PARKOVANIA (ID_HISTORIA,ID_MIESTA,SPZ,ID_REZERVACIA_PARK_MIESTO,ODKEDY,DOKEDY) values (533,1,'BA345LO',null,to_date('12-MAR-17','DD-MON-RR'),to_date('13-MAR-17','DD-MON-RR'));
Insert into ILLO2.HISTORIA_PARKOVANIA (ID_HISTORIA,ID_MIESTA,SPZ,ID_REZERVACIA_PARK_MIESTO,ODKEDY,DOKEDY) values (535,1,'BA011OT',null,to_date('15-MAR-17','DD-MON-RR'),to_date('15-MAR-17','DD-MON-RR'));
Insert into ILLO2.HISTORIA_PARKOVANIA (ID_HISTORIA,ID_MIESTA,SPZ,ID_REZERVACIA_PARK_MIESTO,ODKEDY,DOKEDY) values (536,1,'BA448DA',null,to_date('15-MAR-17','DD-MON-RR'),to_date('15-MAR-17','DD-MON-RR'));
Insert into ILLO2.HISTORIA_PARKOVANIA (ID_HISTORIA,ID_MIESTA,SPZ,ID_REZERVACIA_PARK_MIESTO,ODKEDY,DOKEDY) values (537,1,'BA011OT',null,to_date('15-MAR-17','DD-MON-RR'),to_date('16-MAR-17','DD-MON-RR'));
Insert into ILLO2.HISTORIA_PARKOVANIA (ID_HISTORIA,ID_MIESTA,SPZ,ID_REZERVACIA_PARK_MIESTO,ODKEDY,DOKEDY) values (538,1,'BA011OT',null,to_date('15-FEB-17','DD-MON-RR'),to_date('16-FEB-17','DD-MON-RR'));
Insert into ILLO2.HISTORIA_PARKOVANIA (ID_HISTORIA,ID_MIESTA,SPZ,ID_REZERVACIA_PARK_MIESTO,ODKEDY,DOKEDY) values (539,1,'BA011OT',null,to_date('15-JAN-17','DD-MON-RR'),to_date('16-JAN-17','DD-MON-RR'));
Insert into ILLO2.HISTORIA_PARKOVANIA (ID_HISTORIA,ID_MIESTA,SPZ,ID_REZERVACIA_PARK_MIESTO,ODKEDY,DOKEDY) values (540,1,'BA831HS',null,to_date('12-JAN-17','DD-MON-RR'),to_date('12-JAN-17','DD-MON-RR'));
Insert into ILLO2.HISTORIA_PARKOVANIA (ID_HISTORIA,ID_MIESTA,SPZ,ID_REZERVACIA_PARK_MIESTO,ODKEDY,DOKEDY) values (541,1,'BA011OT',null,to_date('12-JAN-17','DD-MON-RR'),to_date('18-JAN-17','DD-MON-RR'));
Insert into ILLO2.HISTORIA_PARKOVANIA (ID_HISTORIA,ID_MIESTA,SPZ,ID_REZERVACIA_PARK_MIESTO,ODKEDY,DOKEDY) values (542,1,'BA011OT',null,to_date('02-SEP-16','DD-MON-RR'),to_date('02-SEP-16','DD-MON-RR'));
Insert into ILLO2.HISTORIA_PARKOVANIA (ID_HISTORIA,ID_MIESTA,SPZ,ID_REZERVACIA_PARK_MIESTO,ODKEDY,DOKEDY) values (543,1,'BA448DA',null,to_date('02-SEP-16','DD-MON-RR'),to_date('03-SEP-16','DD-MON-RR'));
Insert into ILLO2.HISTORIA_PARKOVANIA (ID_HISTORIA,ID_MIESTA,SPZ,ID_REZERVACIA_PARK_MIESTO,ODKEDY,DOKEDY) values (501,640,'BA486UC',null,to_date('10-FEB-16','DD-MON-RR'),null);
Insert into ILLO2.HISTORIA_PARKOVANIA (ID_HISTORIA,ID_MIESTA,SPZ,ID_REZERVACIA_PARK_MIESTO,ODKEDY,DOKEDY) values (502,640,'BA486UC',null,to_date('08-APR-17','DD-MON-RR'),null);
Insert into ILLO2.HISTORIA_PARKOVANIA (ID_HISTORIA,ID_MIESTA,SPZ,ID_REZERVACIA_PARK_MIESTO,ODKEDY,DOKEDY) values (503,640,'BA030BK',null,to_date('07-MAY-17','DD-MON-RR'),null);
Insert into ILLO2.HISTORIA_PARKOVANIA (ID_HISTORIA,ID_MIESTA,SPZ,ID_REZERVACIA_PARK_MIESTO,ODKEDY,DOKEDY) values (504,640,'BA456AB',null,to_date('08-MAY-17','DD-MON-RR'),null);
Insert into ILLO2.HISTORIA_PARKOVANIA (ID_HISTORIA,ID_MIESTA,SPZ,ID_REZERVACIA_PARK_MIESTO,ODKEDY,DOKEDY) values (505,640,'BA456AB',null,to_date('09-MAY-17','DD-MON-RR'),null);
Insert into ILLO2.HISTORIA_PARKOVANIA (ID_HISTORIA,ID_MIESTA,SPZ,ID_REZERVACIA_PARK_MIESTO,ODKEDY,DOKEDY) values (506,640,'BA456AC',null,to_date('10-MAY-17','DD-MON-RR'),null);
Insert into ILLO2.HISTORIA_PARKOVANIA (ID_HISTORIA,ID_MIESTA,SPZ,ID_REZERVACIA_PARK_MIESTO,ODKEDY,DOKEDY) values (510,640,'BA456AC',null,to_date('14-MAY-17','DD-MON-RR'),null);
Insert into ILLO2.HISTORIA_PARKOVANIA (ID_HISTORIA,ID_MIESTA,SPZ,ID_REZERVACIA_PARK_MIESTO,ODKEDY,DOKEDY) values (515,640,'BA456AC',null,to_date('19-MAR-17','DD-MON-RR'),null);
Insert into ILLO2.HISTORIA_PARKOVANIA (ID_HISTORIA,ID_MIESTA,SPZ,ID_REZERVACIA_PARK_MIESTO,ODKEDY,DOKEDY) values (516,640,'BA030BK',null,to_date('07-MAR-17','DD-MON-RR'),null);
Insert into ILLO2.HISTORIA_PARKOVANIA (ID_HISTORIA,ID_MIESTA,SPZ,ID_REZERVACIA_PARK_MIESTO,ODKEDY,DOKEDY) values (517,640,'BA456AB',null,to_date('08-MAR-17','DD-MON-RR'),null);
Insert into ILLO2.HISTORIA_PARKOVANIA (ID_HISTORIA,ID_MIESTA,SPZ,ID_REZERVACIA_PARK_MIESTO,ODKEDY,DOKEDY) values (518,640,'BA456AB',null,to_date('09-MAR-17','DD-MON-RR'),null);
Insert into ILLO2.HISTORIA_PARKOVANIA (ID_HISTORIA,ID_MIESTA,SPZ,ID_REZERVACIA_PARK_MIESTO,ODKEDY,DOKEDY) values (519,640,'BA456AC',null,to_date('10-MAR-17','DD-MON-RR'),null);
Insert into ILLO2.HISTORIA_PARKOVANIA (ID_HISTORIA,ID_MIESTA,SPZ,ID_REZERVACIA_PARK_MIESTO,ODKEDY,DOKEDY) values (523,640,'BA456AC',null,to_date('14-MAR-17','DD-MON-RR'),null);
Insert into ILLO2.HISTORIA_PARKOVANIA (ID_HISTORIA,ID_MIESTA,SPZ,ID_REZERVACIA_PARK_MIESTO,ODKEDY,DOKEDY) values (527,1,'BA448DA',null,to_date('07-MAR-17','DD-MON-RR'),null);
Insert into ILLO2.HISTORIA_PARKOVANIA (ID_HISTORIA,ID_MIESTA,SPZ,ID_REZERVACIA_PARK_MIESTO,ODKEDY,DOKEDY) values (528,1,'BA448DA',null,to_date('08-MAR-17','DD-MON-RR'),null);
Insert into ILLO2.HISTORIA_PARKOVANIA (ID_HISTORIA,ID_MIESTA,SPZ,ID_REZERVACIA_PARK_MIESTO,ODKEDY,DOKEDY) values (529,1,'BA448DA',null,to_date('09-MAR-17','DD-MON-RR'),null);
Insert into ILLO2.HISTORIA_PARKOVANIA (ID_HISTORIA,ID_MIESTA,SPZ,ID_REZERVACIA_PARK_MIESTO,ODKEDY,DOKEDY) values (530,1,'BA448DA',null,to_date('10-MAR-17','DD-MON-RR'),null);
Insert into ILLO2.HISTORIA_PARKOVANIA (ID_HISTORIA,ID_MIESTA,SPZ,ID_REZERVACIA_PARK_MIESTO,ODKEDY,DOKEDY) values (534,1,'BA345LO',null,to_date('14-MAR-17','DD-MON-RR'),null);
Insert into ILLO2.HISTORIA_PARKOVANIA (ID_HISTORIA,ID_MIESTA,SPZ,ID_REZERVACIA_PARK_MIESTO,ODKEDY,DOKEDY) values (129,629,'BA292UH',null,to_date('11-DEC-16','DD-MON-RR'),to_date('18-DEC-16','DD-MON-RR'));
Insert into ILLO2.HISTORIA_PARKOVANIA (ID_HISTORIA,ID_MIESTA,SPZ,ID_REZERVACIA_PARK_MIESTO,ODKEDY,DOKEDY) values (130,630,'BA950RN',null,to_date('19-AUG-16','DD-MON-RR'),to_date('03-SEP-16','DD-MON-RR'));
Insert into ILLO2.HISTORIA_PARKOVANIA (ID_HISTORIA,ID_MIESTA,SPZ,ID_REZERVACIA_PARK_MIESTO,ODKEDY,DOKEDY) values (131,631,'BA374VL',null,to_date('11-NOV-16','DD-MON-RR'),to_date('22-JAN-17','DD-MON-RR'));
Insert into ILLO2.HISTORIA_PARKOVANIA (ID_HISTORIA,ID_MIESTA,SPZ,ID_REZERVACIA_PARK_MIESTO,ODKEDY,DOKEDY) values (132,632,'BL437GZ',null,to_date('17-OCT-16','DD-MON-RR'),to_date('31-DEC-16','DD-MON-RR'));
Insert into ILLO2.HISTORIA_PARKOVANIA (ID_HISTORIA,ID_MIESTA,SPZ,ID_REZERVACIA_PARK_MIESTO,ODKEDY,DOKEDY) values (133,633,'RV818BV',null,to_date('26-DEC-16','DD-MON-RR'),to_date('20-APR-17','DD-MON-RR'));
Insert into ILLO2.HISTORIA_PARKOVANIA (ID_HISTORIA,ID_MIESTA,SPZ,ID_REZERVACIA_PARK_MIESTO,ODKEDY,DOKEDY) values (134,634,'BL560JH',null,to_date('17-APR-17','DD-MON-RR'),to_date('20-APR-17','DD-MON-RR'));
Insert into ILLO2.HISTORIA_PARKOVANIA (ID_HISTORIA,ID_MIESTA,SPZ,ID_REZERVACIA_PARK_MIESTO,ODKEDY,DOKEDY) values (135,635,'BA042JE',null,to_date('23-APR-17','DD-MON-RR'),to_date('30-APR-17','DD-MON-RR'));
Insert into ILLO2.HISTORIA_PARKOVANIA (ID_HISTORIA,ID_MIESTA,SPZ,ID_REZERVACIA_PARK_MIESTO,ODKEDY,DOKEDY) values (136,636,'BA511TE',null,to_date('20-FEB-17','DD-MON-RR'),to_date('06-MAR-17','DD-MON-RR'));
Insert into ILLO2.HISTORIA_PARKOVANIA (ID_HISTORIA,ID_MIESTA,SPZ,ID_REZERVACIA_PARK_MIESTO,ODKEDY,DOKEDY) values (137,637,'BA330VG',null,to_date('21-OCT-16','DD-MON-RR'),to_date('25-JAN-17','DD-MON-RR'));
Insert into ILLO2.HISTORIA_PARKOVANIA (ID_HISTORIA,ID_MIESTA,SPZ,ID_REZERVACIA_PARK_MIESTO,ODKEDY,DOKEDY) values (2,502,'BA540ME',2,to_date('04-NOV-16','DD-MON-RR'),to_date('22-NOV-16','DD-MON-RR'));
Insert into ILLO2.HISTORIA_PARKOVANIA (ID_HISTORIA,ID_MIESTA,SPZ,ID_REZERVACIA_PARK_MIESTO,ODKEDY,DOKEDY) values (3,503,'BL323BA',3,to_date('29-DEC-16','DD-MON-RR'),to_date('16-FEB-17','DD-MON-RR'));
Insert into ILLO2.HISTORIA_PARKOVANIA (ID_HISTORIA,ID_MIESTA,SPZ,ID_REZERVACIA_PARK_MIESTO,ODKEDY,DOKEDY) values (4,504,'BA788DE',4,to_date('16-SEP-16','DD-MON-RR'),to_date('22-SEP-16','DD-MON-RR'));
Insert into ILLO2.HISTORIA_PARKOVANIA (ID_HISTORIA,ID_MIESTA,SPZ,ID_REZERVACIA_PARK_MIESTO,ODKEDY,DOKEDY) values (5,505,'BA011OT',3,to_date('20-DEC-16','DD-MON-RR'),to_date('15-JAN-17','DD-MON-RR'));
Insert into ILLO2.HISTORIA_PARKOVANIA (ID_HISTORIA,ID_MIESTA,SPZ,ID_REZERVACIA_PARK_MIESTO,ODKEDY,DOKEDY) values (6,506,'BA345LO',3,to_date('29-DEC-16','DD-MON-RR'),to_date('09-FEB-17','DD-MON-RR'));
Insert into ILLO2.HISTORIA_PARKOVANIA (ID_HISTORIA,ID_MIESTA,SPZ,ID_REZERVACIA_PARK_MIESTO,ODKEDY,DOKEDY) values (7,507,'BA448DA',null,to_date('03-DEC-16','DD-MON-RR'),to_date('10-FEB-17','DD-MON-RR'));
Insert into ILLO2.HISTORIA_PARKOVANIA (ID_HISTORIA,ID_MIESTA,SPZ,ID_REZERVACIA_PARK_MIESTO,ODKEDY,DOKEDY) values (8,508,'BA494EA',4,to_date('24-AUG-16','DD-MON-RR'),to_date('25-NOV-16','DD-MON-RR'));
Insert into ILLO2.HISTORIA_PARKOVANIA (ID_HISTORIA,ID_MIESTA,SPZ,ID_REZERVACIA_PARK_MIESTO,ODKEDY,DOKEDY) values (9,509,'BA831HS',null,to_date('20-MAR-17','DD-MON-RR'),to_date('21-APR-17','DD-MON-RR'));
Insert into ILLO2.HISTORIA_PARKOVANIA (ID_HISTORIA,ID_MIESTA,SPZ,ID_REZERVACIA_PARK_MIESTO,ODKEDY,DOKEDY) values (10,510,'BA540AL',null,to_date('22-NOV-16','DD-MON-RR'),to_date('31-MAR-17','DD-MON-RR'));
Insert into ILLO2.HISTORIA_PARKOVANIA (ID_HISTORIA,ID_MIESTA,SPZ,ID_REZERVACIA_PARK_MIESTO,ODKEDY,DOKEDY) values (11,511,'BA501AO',5,to_date('31-DEC-16','DD-MON-RR'),to_date('05-APR-17','DD-MON-RR'));
Insert into ILLO2.HISTORIA_PARKOVANIA (ID_HISTORIA,ID_MIESTA,SPZ,ID_REZERVACIA_PARK_MIESTO,ODKEDY,DOKEDY) values (12,512,'SN207CR',null,to_date('02-DEC-16','DD-MON-RR'),to_date('29-DEC-16','DD-MON-RR'));
Insert into ILLO2.HISTORIA_PARKOVANIA (ID_HISTORIA,ID_MIESTA,SPZ,ID_REZERVACIA_PARK_MIESTO,ODKEDY,DOKEDY) values (13,513,'BA895JU',null,to_date('19-AUG-16','DD-MON-RR'),to_date('05-SEP-16','DD-MON-RR'));
Insert into ILLO2.HISTORIA_PARKOVANIA (ID_HISTORIA,ID_MIESTA,SPZ,ID_REZERVACIA_PARK_MIESTO,ODKEDY,DOKEDY) values (14,514,'BL772DO',null,to_date('12-DEC-16','DD-MON-RR'),to_date('22-APR-17','DD-MON-RR'));
Insert into ILLO2.HISTORIA_PARKOVANIA (ID_HISTORIA,ID_MIESTA,SPZ,ID_REZERVACIA_PARK_MIESTO,ODKEDY,DOKEDY) values (15,515,'BL788EU',5,to_date('13-NOV-16','DD-MON-RR'),to_date('10-APR-17','DD-MON-RR'));
Insert into ILLO2.HISTORIA_PARKOVANIA (ID_HISTORIA,ID_MIESTA,SPZ,ID_REZERVACIA_PARK_MIESTO,ODKEDY,DOKEDY) values (16,516,'NR263GV',null,to_date('01-MAR-17','DD-MON-RR'),to_date('06-APR-17','DD-MON-RR'));
Insert into ILLO2.HISTORIA_PARKOVANIA (ID_HISTORIA,ID_MIESTA,SPZ,ID_REZERVACIA_PARK_MIESTO,ODKEDY,DOKEDY) values (17,517,'MA605CV',null,to_date('30-APR-17','DD-MON-RR'),to_date('04-MAY-17','DD-MON-RR'));
Insert into ILLO2.HISTORIA_PARKOVANIA (ID_HISTORIA,ID_MIESTA,SPZ,ID_REZERVACIA_PARK_MIESTO,ODKEDY,DOKEDY) values (18,518,'BA914DS',null,to_date('29-NOV-16','DD-MON-RR'),to_date('13-APR-17','DD-MON-RR'));
Insert into ILLO2.HISTORIA_PARKOVANIA (ID_HISTORIA,ID_MIESTA,SPZ,ID_REZERVACIA_PARK_MIESTO,ODKEDY,DOKEDY) values (19,519,'BA416KK',null,to_date('06-NOV-16','DD-MON-RR'),to_date('24-FEB-17','DD-MON-RR'));
Insert into ILLO2.HISTORIA_PARKOVANIA (ID_HISTORIA,ID_MIESTA,SPZ,ID_REZERVACIA_PARK_MIESTO,ODKEDY,DOKEDY) values (20,520,'BA586NS',null,to_date('01-MAY-17','DD-MON-RR'),to_date('04-MAY-17','DD-MON-RR'));
Insert into ILLO2.HISTORIA_PARKOVANIA (ID_HISTORIA,ID_MIESTA,SPZ,ID_REZERVACIA_PARK_MIESTO,ODKEDY,DOKEDY) values (21,521,'RK558BN',null,to_date('05-OCT-16','DD-MON-RR'),to_date('04-FEB-17','DD-MON-RR'));
Insert into ILLO2.HISTORIA_PARKOVANIA (ID_HISTORIA,ID_MIESTA,SPZ,ID_REZERVACIA_PARK_MIESTO,ODKEDY,DOKEDY) values (22,522,'MA324AS',null,to_date('05-FEB-17','DD-MON-RR'),to_date('04-MAR-17','DD-MON-RR'));
Insert into ILLO2.HISTORIA_PARKOVANIA (ID_HISTORIA,ID_MIESTA,SPZ,ID_REZERVACIA_PARK_MIESTO,ODKEDY,DOKEDY) values (23,523,'BA118VM',13,to_date('02-FEB-17','DD-MON-RR'),to_date('18-APR-17','DD-MON-RR'));
Insert into ILLO2.HISTORIA_PARKOVANIA (ID_HISTORIA,ID_MIESTA,SPZ,ID_REZERVACIA_PARK_MIESTO,ODKEDY,DOKEDY) values (24,524,'BA110JB',null,to_date('15-DEC-16','DD-MON-RR'),to_date('15-MAR-17','DD-MON-RR'));
Insert into ILLO2.HISTORIA_PARKOVANIA (ID_HISTORIA,ID_MIESTA,SPZ,ID_REZERVACIA_PARK_MIESTO,ODKEDY,DOKEDY) values (25,525,'LM726AM',null,to_date('03-MAR-17','DD-MON-RR'),to_date('11-APR-17','DD-MON-RR'));
Insert into ILLO2.HISTORIA_PARKOVANIA (ID_HISTORIA,ID_MIESTA,SPZ,ID_REZERVACIA_PARK_MIESTO,ODKEDY,DOKEDY) values (26,526,'BA232BD',null,to_date('28-MAR-17','DD-MON-RR'),to_date('10-APR-17','DD-MON-RR'));
Insert into ILLO2.HISTORIA_PARKOVANIA (ID_HISTORIA,ID_MIESTA,SPZ,ID_REZERVACIA_PARK_MIESTO,ODKEDY,DOKEDY) values (27,527,'BA392TT',null,to_date('22-AUG-16','DD-MON-RR'),to_date('03-OCT-16','DD-MON-RR'));
Insert into ILLO2.HISTORIA_PARKOVANIA (ID_HISTORIA,ID_MIESTA,SPZ,ID_REZERVACIA_PARK_MIESTO,ODKEDY,DOKEDY) values (28,528,'NR815EP',null,to_date('04-MAR-17','DD-MON-RR'),to_date('08-MAR-17','DD-MON-RR'));
Insert into ILLO2.HISTORIA_PARKOVANIA (ID_HISTORIA,ID_MIESTA,SPZ,ID_REZERVACIA_PARK_MIESTO,ODKEDY,DOKEDY) values (29,529,'BA364VS',null,to_date('30-NOV-16','DD-MON-RR'),to_date('05-DEC-16','DD-MON-RR'));
Insert into ILLO2.HISTORIA_PARKOVANIA (ID_HISTORIA,ID_MIESTA,SPZ,ID_REZERVACIA_PARK_MIESTO,ODKEDY,DOKEDY) values (30,530,'BA366VN',null,to_date('16-OCT-16','DD-MON-RR'),to_date('14-APR-17','DD-MON-RR'));
Insert into ILLO2.HISTORIA_PARKOVANIA (ID_HISTORIA,ID_MIESTA,SPZ,ID_REZERVACIA_PARK_MIESTO,ODKEDY,DOKEDY) values (31,531,'BL596LR',null,to_date('14-MAR-17','DD-MON-RR'),to_date('08-APR-17','DD-MON-RR'));
Insert into ILLO2.HISTORIA_PARKOVANIA (ID_HISTORIA,ID_MIESTA,SPZ,ID_REZERVACIA_PARK_MIESTO,ODKEDY,DOKEDY) values (32,532,'BA826YK',2,to_date('04-DEC-16','DD-MON-RR'),to_date('17-MAR-17','DD-MON-RR'));
Insert into ILLO2.HISTORIA_PARKOVANIA (ID_HISTORIA,ID_MIESTA,SPZ,ID_REZERVACIA_PARK_MIESTO,ODKEDY,DOKEDY) values (33,533,'BA028BA',null,to_date('15-SEP-16','DD-MON-RR'),to_date('16-DEC-16','DD-MON-RR'));
Insert into ILLO2.HISTORIA_PARKOVANIA (ID_HISTORIA,ID_MIESTA,SPZ,ID_REZERVACIA_PARK_MIESTO,ODKEDY,DOKEDY) values (34,534,'BA114EB',null,to_date('03-MAR-17','DD-MON-RR'),to_date('30-MAR-17','DD-MON-RR'));
Insert into ILLO2.HISTORIA_PARKOVANIA (ID_HISTORIA,ID_MIESTA,SPZ,ID_REZERVACIA_PARK_MIESTO,ODKEDY,DOKEDY) values (35,535,'BA984GE',null,to_date('31-JAN-17','DD-MON-RR'),to_date('27-APR-17','DD-MON-RR'));
Insert into ILLO2.HISTORIA_PARKOVANIA (ID_HISTORIA,ID_MIESTA,SPZ,ID_REZERVACIA_PARK_MIESTO,ODKEDY,DOKEDY) values (36,536,'GA027DZ',null,to_date('19-DEC-16','DD-MON-RR'),to_date('14-FEB-17','DD-MON-RR'));
Insert into ILLO2.HISTORIA_PARKOVANIA (ID_HISTORIA,ID_MIESTA,SPZ,ID_REZERVACIA_PARK_MIESTO,ODKEDY,DOKEDY) values (37,537,'BA822CA',null,to_date('19-SEP-16','DD-MON-RR'),to_date('12-MAR-17','DD-MON-RR'));
Insert into ILLO2.HISTORIA_PARKOVANIA (ID_HISTORIA,ID_MIESTA,SPZ,ID_REZERVACIA_PARK_MIESTO,ODKEDY,DOKEDY) values (38,538,'MI981AZ',null,to_date('24-FEB-17','DD-MON-RR'),to_date('01-MAY-17','DD-MON-RR'));
Insert into ILLO2.HISTORIA_PARKOVANIA (ID_HISTORIA,ID_MIESTA,SPZ,ID_REZERVACIA_PARK_MIESTO,ODKEDY,DOKEDY) values (39,539,'BA623DI',null,to_date('18-DEC-16','DD-MON-RR'),to_date('26-MAR-17','DD-MON-RR'));
Insert into ILLO2.HISTORIA_PARKOVANIA (ID_HISTORIA,ID_MIESTA,SPZ,ID_REZERVACIA_PARK_MIESTO,ODKEDY,DOKEDY) values (40,540,'BA110RC',null,to_date('16-JAN-17','DD-MON-RR'),to_date('09-APR-17','DD-MON-RR'));
Insert into ILLO2.HISTORIA_PARKOVANIA (ID_HISTORIA,ID_MIESTA,SPZ,ID_REZERVACIA_PARK_MIESTO,ODKEDY,DOKEDY) values (41,541,'PK966BL',null,to_date('29-AUG-16','DD-MON-RR'),to_date('20-JAN-17','DD-MON-RR'));
Insert into ILLO2.HISTORIA_PARKOVANIA (ID_HISTORIA,ID_MIESTA,SPZ,ID_REZERVACIA_PARK_MIESTO,ODKEDY,DOKEDY) values (42,542,'BL387BV',null,to_date('23-OCT-16','DD-MON-RR'),to_date('26-OCT-16','DD-MON-RR'));
Insert into ILLO2.HISTORIA_PARKOVANIA (ID_HISTORIA,ID_MIESTA,SPZ,ID_REZERVACIA_PARK_MIESTO,ODKEDY,DOKEDY) values (43,543,'BL643DJ',9,to_date('16-AUG-16','DD-MON-RR'),to_date('08-OCT-16','DD-MON-RR'));
Insert into ILLO2.HISTORIA_PARKOVANIA (ID_HISTORIA,ID_MIESTA,SPZ,ID_REZERVACIA_PARK_MIESTO,ODKEDY,DOKEDY) values (44,544,'BA486UC',null,to_date('23-MAR-17','DD-MON-RR'),to_date('22-APR-17','DD-MON-RR'));
Insert into ILLO2.HISTORIA_PARKOVANIA (ID_HISTORIA,ID_MIESTA,SPZ,ID_REZERVACIA_PARK_MIESTO,ODKEDY,DOKEDY) values (45,545,'BA030BK',null,to_date('23-FEB-17','DD-MON-RR'),to_date('14-APR-17','DD-MON-RR'));
Insert into ILLO2.HISTORIA_PARKOVANIA (ID_HISTORIA,ID_MIESTA,SPZ,ID_REZERVACIA_PARK_MIESTO,ODKEDY,DOKEDY) values (46,546,'BA762XF',null,to_date('08-OCT-16','DD-MON-RR'),to_date('30-DEC-16','DD-MON-RR'));
Insert into ILLO2.HISTORIA_PARKOVANIA (ID_HISTORIA,ID_MIESTA,SPZ,ID_REZERVACIA_PARK_MIESTO,ODKEDY,DOKEDY) values (47,547,'BA956AT',null,to_date('01-MAY-17','DD-MON-RR'),to_date('01-MAY-17','DD-MON-RR'));
Insert into ILLO2.HISTORIA_PARKOVANIA (ID_HISTORIA,ID_MIESTA,SPZ,ID_REZERVACIA_PARK_MIESTO,ODKEDY,DOKEDY) values (48,548,'BB496AM',null,to_date('17-NOV-16','DD-MON-RR'),to_date('25-FEB-17','DD-MON-RR'));
Insert into ILLO2.HISTORIA_PARKOVANIA (ID_HISTORIA,ID_MIESTA,SPZ,ID_REZERVACIA_PARK_MIESTO,ODKEDY,DOKEDY) values (49,549,'BA433FO',null,to_date('19-APR-17','DD-MON-RR'),to_date('21-APR-17','DD-MON-RR'));
Insert into ILLO2.HISTORIA_PARKOVANIA (ID_HISTORIA,ID_MIESTA,SPZ,ID_REZERVACIA_PARK_MIESTO,ODKEDY,DOKEDY) values (50,550,'BA189BI',null,to_date('16-OCT-16','DD-MON-RR'),to_date('24-OCT-16','DD-MON-RR'));
Insert into ILLO2.HISTORIA_PARKOVANIA (ID_HISTORIA,ID_MIESTA,SPZ,ID_REZERVACIA_PARK_MIESTO,ODKEDY,DOKEDY) values (51,551,'BA528CP',1,to_date('30-DEC-16','DD-MON-RR'),to_date('16-JAN-17','DD-MON-RR'));
Insert into ILLO2.HISTORIA_PARKOVANIA (ID_HISTORIA,ID_MIESTA,SPZ,ID_REZERVACIA_PARK_MIESTO,ODKEDY,DOKEDY) values (52,552,'SE120AS',null,to_date('16-NOV-16','DD-MON-RR'),to_date('22-FEB-17','DD-MON-RR'));
Insert into ILLO2.HISTORIA_PARKOVANIA (ID_HISTORIA,ID_MIESTA,SPZ,ID_REZERVACIA_PARK_MIESTO,ODKEDY,DOKEDY) values (53,553,'BA292UH',null,to_date('30-OCT-16','DD-MON-RR'),to_date('28-NOV-16','DD-MON-RR'));
Insert into ILLO2.HISTORIA_PARKOVANIA (ID_HISTORIA,ID_MIESTA,SPZ,ID_REZERVACIA_PARK_MIESTO,ODKEDY,DOKEDY) values (54,554,'BA950RN',null,to_date('12-MAR-17','DD-MON-RR'),to_date('28-MAR-17','DD-MON-RR'));
Insert into ILLO2.HISTORIA_PARKOVANIA (ID_HISTORIA,ID_MIESTA,SPZ,ID_REZERVACIA_PARK_MIESTO,ODKEDY,DOKEDY) values (55,555,'BA374VL',null,to_date('27-APR-17','DD-MON-RR'),to_date('28-APR-17','DD-MON-RR'));
Insert into ILLO2.HISTORIA_PARKOVANIA (ID_HISTORIA,ID_MIESTA,SPZ,ID_REZERVACIA_PARK_MIESTO,ODKEDY,DOKEDY) values (56,556,'BL437GZ',null,to_date('22-FEB-17','DD-MON-RR'),to_date('26-APR-17','DD-MON-RR'));
Insert into ILLO2.HISTORIA_PARKOVANIA (ID_HISTORIA,ID_MIESTA,SPZ,ID_REZERVACIA_PARK_MIESTO,ODKEDY,DOKEDY) values (57,557,'RV818BV',7,to_date('21-FEB-17','DD-MON-RR'),to_date('10-APR-17','DD-MON-RR'));
Insert into ILLO2.HISTORIA_PARKOVANIA (ID_HISTORIA,ID_MIESTA,SPZ,ID_REZERVACIA_PARK_MIESTO,ODKEDY,DOKEDY) values (58,558,'BL560JH',null,to_date('17-APR-17','DD-MON-RR'),to_date('18-APR-17','DD-MON-RR'));
Insert into ILLO2.HISTORIA_PARKOVANIA (ID_HISTORIA,ID_MIESTA,SPZ,ID_REZERVACIA_PARK_MIESTO,ODKEDY,DOKEDY) values (59,559,'BA042JE',null,to_date('11-OCT-16','DD-MON-RR'),to_date('10-APR-17','DD-MON-RR'));
Insert into ILLO2.HISTORIA_PARKOVANIA (ID_HISTORIA,ID_MIESTA,SPZ,ID_REZERVACIA_PARK_MIESTO,ODKEDY,DOKEDY) values (60,560,'BA511TE',null,to_date('08-JAN-17','DD-MON-RR'),to_date('30-JAN-17','DD-MON-RR'));
Insert into ILLO2.HISTORIA_PARKOVANIA (ID_HISTORIA,ID_MIESTA,SPZ,ID_REZERVACIA_PARK_MIESTO,ODKEDY,DOKEDY) values (61,561,'BA330VG',null,to_date('15-DEC-16','DD-MON-RR'),to_date('09-MAR-17','DD-MON-RR'));
Insert into ILLO2.HISTORIA_PARKOVANIA (ID_HISTORIA,ID_MIESTA,SPZ,ID_REZERVACIA_PARK_MIESTO,ODKEDY,DOKEDY) values (62,562,'BA028VL',null,to_date('22-JAN-17','DD-MON-RR'),to_date('12-APR-17','DD-MON-RR'));
Insert into ILLO2.HISTORIA_PARKOVANIA (ID_HISTORIA,ID_MIESTA,SPZ,ID_REZERVACIA_PARK_MIESTO,ODKEDY,DOKEDY) values (63,563,'BL437KO',3,to_date('02-SEP-16','DD-MON-RR'),to_date('11-DEC-16','DD-MON-RR'));
Insert into ILLO2.HISTORIA_PARKOVANIA (ID_HISTORIA,ID_MIESTA,SPZ,ID_REZERVACIA_PARK_MIESTO,ODKEDY,DOKEDY) values (64,564,'BA228LM',null,to_date('02-SEP-16','DD-MON-RR'),to_date('22-OCT-16','DD-MON-RR'));
Insert into ILLO2.HISTORIA_PARKOVANIA (ID_HISTORIA,ID_MIESTA,SPZ,ID_REZERVACIA_PARK_MIESTO,ODKEDY,DOKEDY) values (65,565,'BA928ML',null,to_date('12-JAN-17','DD-MON-RR'),to_date('15-FEB-17','DD-MON-RR'));
Insert into ILLO2.HISTORIA_PARKOVANIA (ID_HISTORIA,ID_MIESTA,SPZ,ID_REZERVACIA_PARK_MIESTO,ODKEDY,DOKEDY) values (66,566,'BA806KP',null,to_date('18-APR-17','DD-MON-RR'),to_date('20-APR-17','DD-MON-RR'));
Insert into ILLO2.HISTORIA_PARKOVANIA (ID_HISTORIA,ID_MIESTA,SPZ,ID_REZERVACIA_PARK_MIESTO,ODKEDY,DOKEDY) values (67,567,'TO803AZ',null,to_date('07-NOV-16','DD-MON-RR'),to_date('31-MAR-17','DD-MON-RR'));
Insert into ILLO2.HISTORIA_PARKOVANIA (ID_HISTORIA,ID_MIESTA,SPZ,ID_REZERVACIA_PARK_MIESTO,ODKEDY,DOKEDY) values (68,568,'BA341KR',null,to_date('06-NOV-16','DD-MON-RR'),to_date('26-NOV-16','DD-MON-RR'));
Insert into ILLO2.HISTORIA_PARKOVANIA (ID_HISTORIA,ID_MIESTA,SPZ,ID_REZERVACIA_PARK_MIESTO,ODKEDY,DOKEDY) values (69,569,'BA185CK',null,to_date('13-DEC-16','DD-MON-RR'),to_date('24-JAN-17','DD-MON-RR'));
Insert into ILLO2.HISTORIA_PARKOVANIA (ID_HISTORIA,ID_MIESTA,SPZ,ID_REZERVACIA_PARK_MIESTO,ODKEDY,DOKEDY) values (70,570,'BA311HC',null,to_date('08-OCT-16','DD-MON-RR'),to_date('03-JAN-17','DD-MON-RR'));
Insert into ILLO2.HISTORIA_PARKOVANIA (ID_HISTORIA,ID_MIESTA,SPZ,ID_REZERVACIA_PARK_MIESTO,ODKEDY,DOKEDY) values (71,571,'BA737CK',null,to_date('29-OCT-16','DD-MON-RR'),to_date('02-APR-17','DD-MON-RR'));
Insert into ILLO2.HISTORIA_PARKOVANIA (ID_HISTORIA,ID_MIESTA,SPZ,ID_REZERVACIA_PARK_MIESTO,ODKEDY,DOKEDY) values (72,572,'RS797BB',null,to_date('13-DEC-16','DD-MON-RR'),to_date('27-APR-17','DD-MON-RR'));
Insert into ILLO2.HISTORIA_PARKOVANIA (ID_HISTORIA,ID_MIESTA,SPZ,ID_REZERVACIA_PARK_MIESTO,ODKEDY,DOKEDY) values (73,573,'SA247BE',3,to_date('23-JAN-17','DD-MON-RR'),to_date('27-FEB-17','DD-MON-RR'));
Insert into ILLO2.HISTORIA_PARKOVANIA (ID_HISTORIA,ID_MIESTA,SPZ,ID_REZERVACIA_PARK_MIESTO,ODKEDY,DOKEDY) values (74,574,'MI660CR',null,to_date('06-JAN-17','DD-MON-RR'),to_date('16-APR-17','DD-MON-RR'));
Insert into ILLO2.HISTORIA_PARKOVANIA (ID_HISTORIA,ID_MIESTA,SPZ,ID_REZERVACIA_PARK_MIESTO,ODKEDY,DOKEDY) values (75,575,'MA502BY',null,to_date('08-FEB-17','DD-MON-RR'),to_date('09-APR-17','DD-MON-RR'));
Insert into ILLO2.HISTORIA_PARKOVANIA (ID_HISTORIA,ID_MIESTA,SPZ,ID_REZERVACIA_PARK_MIESTO,ODKEDY,DOKEDY) values (76,576,'BL074AD',null,to_date('19-NOV-16','DD-MON-RR'),to_date('05-MAY-17','DD-MON-RR'));
Insert into ILLO2.HISTORIA_PARKOVANIA (ID_HISTORIA,ID_MIESTA,SPZ,ID_REZERVACIA_PARK_MIESTO,ODKEDY,DOKEDY) values (77,577,'BA621NA',null,to_date('23-FEB-17','DD-MON-RR'),to_date('10-MAR-17','DD-MON-RR'));
Insert into ILLO2.HISTORIA_PARKOVANIA (ID_HISTORIA,ID_MIESTA,SPZ,ID_REZERVACIA_PARK_MIESTO,ODKEDY,DOKEDY) values (78,578,'BA540ME',null,to_date('27-SEP-16','DD-MON-RR'),to_date('07-APR-17','DD-MON-RR'));
Insert into ILLO2.HISTORIA_PARKOVANIA (ID_HISTORIA,ID_MIESTA,SPZ,ID_REZERVACIA_PARK_MIESTO,ODKEDY,DOKEDY) values (79,579,'BL323BA',null,to_date('23-MAR-17','DD-MON-RR'),to_date('30-MAR-17','DD-MON-RR'));
Insert into ILLO2.HISTORIA_PARKOVANIA (ID_HISTORIA,ID_MIESTA,SPZ,ID_REZERVACIA_PARK_MIESTO,ODKEDY,DOKEDY) values (80,580,'BA788DE',null,to_date('19-SEP-16','DD-MON-RR'),to_date('11-DEC-16','DD-MON-RR'));
Insert into ILLO2.HISTORIA_PARKOVANIA (ID_HISTORIA,ID_MIESTA,SPZ,ID_REZERVACIA_PARK_MIESTO,ODKEDY,DOKEDY) values (81,581,'BA011OT',10,to_date('02-MAY-17','DD-MON-RR'),to_date('03-MAY-17','DD-MON-RR'));
Insert into ILLO2.HISTORIA_PARKOVANIA (ID_HISTORIA,ID_MIESTA,SPZ,ID_REZERVACIA_PARK_MIESTO,ODKEDY,DOKEDY) values (82,582,'BA345LO',null,to_date('21-FEB-17','DD-MON-RR'),to_date('03-APR-17','DD-MON-RR'));
Insert into ILLO2.HISTORIA_PARKOVANIA (ID_HISTORIA,ID_MIESTA,SPZ,ID_REZERVACIA_PARK_MIESTO,ODKEDY,DOKEDY) values (83,583,'BA448DA',null,to_date('03-NOV-16','DD-MON-RR'),to_date('22-JAN-17','DD-MON-RR'));
Insert into ILLO2.HISTORIA_PARKOVANIA (ID_HISTORIA,ID_MIESTA,SPZ,ID_REZERVACIA_PARK_MIESTO,ODKEDY,DOKEDY) values (84,584,'BA494EA',null,to_date('20-OCT-16','DD-MON-RR'),to_date('03-JAN-17','DD-MON-RR'));
Insert into ILLO2.HISTORIA_PARKOVANIA (ID_HISTORIA,ID_MIESTA,SPZ,ID_REZERVACIA_PARK_MIESTO,ODKEDY,DOKEDY) values (85,585,'BA831HS',null,to_date('25-APR-17','DD-MON-RR'),to_date('26-APR-17','DD-MON-RR'));
Insert into ILLO2.HISTORIA_PARKOVANIA (ID_HISTORIA,ID_MIESTA,SPZ,ID_REZERVACIA_PARK_MIESTO,ODKEDY,DOKEDY) values (86,586,'BA540AL',null,to_date('22-DEC-16','DD-MON-RR'),to_date('07-FEB-17','DD-MON-RR'));
Insert into ILLO2.HISTORIA_PARKOVANIA (ID_HISTORIA,ID_MIESTA,SPZ,ID_REZERVACIA_PARK_MIESTO,ODKEDY,DOKEDY) values (87,587,'BA501AO',null,to_date('28-AUG-16','DD-MON-RR'),to_date('21-SEP-16','DD-MON-RR'));
Insert into ILLO2.HISTORIA_PARKOVANIA (ID_HISTORIA,ID_MIESTA,SPZ,ID_REZERVACIA_PARK_MIESTO,ODKEDY,DOKEDY) values (88,588,'SN207CR',null,to_date('12-FEB-17','DD-MON-RR'),to_date('25-FEB-17','DD-MON-RR'));
Insert into ILLO2.HISTORIA_PARKOVANIA (ID_HISTORIA,ID_MIESTA,SPZ,ID_REZERVACIA_PARK_MIESTO,ODKEDY,DOKEDY) values (89,589,'BA895JU',9,to_date('12-DEC-16','DD-MON-RR'),to_date('05-FEB-17','DD-MON-RR'));
Insert into ILLO2.HISTORIA_PARKOVANIA (ID_HISTORIA,ID_MIESTA,SPZ,ID_REZERVACIA_PARK_MIESTO,ODKEDY,DOKEDY) values (90,590,'BL772DO',null,to_date('11-MAR-17','DD-MON-RR'),to_date('03-APR-17','DD-MON-RR'));
Insert into ILLO2.HISTORIA_PARKOVANIA (ID_HISTORIA,ID_MIESTA,SPZ,ID_REZERVACIA_PARK_MIESTO,ODKEDY,DOKEDY) values (91,591,'BL788EU',null,to_date('05-NOV-16','DD-MON-RR'),to_date('18-FEB-17','DD-MON-RR'));
Insert into ILLO2.HISTORIA_PARKOVANIA (ID_HISTORIA,ID_MIESTA,SPZ,ID_REZERVACIA_PARK_MIESTO,ODKEDY,DOKEDY) values (92,592,'NR263GV',null,to_date('13-AUG-16','DD-MON-RR'),to_date('28-OCT-16','DD-MON-RR'));
Insert into ILLO2.HISTORIA_PARKOVANIA (ID_HISTORIA,ID_MIESTA,SPZ,ID_REZERVACIA_PARK_MIESTO,ODKEDY,DOKEDY) values (93,593,'MA605CV',null,to_date('18-APR-17','DD-MON-RR'),to_date('30-APR-17','DD-MON-RR'));
Insert into ILLO2.HISTORIA_PARKOVANIA (ID_HISTORIA,ID_MIESTA,SPZ,ID_REZERVACIA_PARK_MIESTO,ODKEDY,DOKEDY) values (94,594,'BA914DS',null,to_date('10-APR-17','DD-MON-RR'),to_date('17-APR-17','DD-MON-RR'));
Insert into ILLO2.HISTORIA_PARKOVANIA (ID_HISTORIA,ID_MIESTA,SPZ,ID_REZERVACIA_PARK_MIESTO,ODKEDY,DOKEDY) values (95,595,'BA416KK',null,to_date('26-JAN-17','DD-MON-RR'),to_date('19-APR-17','DD-MON-RR'));
Insert into ILLO2.HISTORIA_PARKOVANIA (ID_HISTORIA,ID_MIESTA,SPZ,ID_REZERVACIA_PARK_MIESTO,ODKEDY,DOKEDY) values (96,596,'BA586NS',null,to_date('12-MAR-17','DD-MON-RR'),to_date('19-MAR-17','DD-MON-RR'));
Insert into ILLO2.HISTORIA_PARKOVANIA (ID_HISTORIA,ID_MIESTA,SPZ,ID_REZERVACIA_PARK_MIESTO,ODKEDY,DOKEDY) values (97,597,'RK558BN',7,to_date('18-DEC-16','DD-MON-RR'),to_date('16-MAR-17','DD-MON-RR'));
Insert into ILLO2.HISTORIA_PARKOVANIA (ID_HISTORIA,ID_MIESTA,SPZ,ID_REZERVACIA_PARK_MIESTO,ODKEDY,DOKEDY) values (98,598,'MA324AS',null,to_date('09-FEB-17','DD-MON-RR'),to_date('09-MAR-17','DD-MON-RR'));
Insert into ILLO2.HISTORIA_PARKOVANIA (ID_HISTORIA,ID_MIESTA,SPZ,ID_REZERVACIA_PARK_MIESTO,ODKEDY,DOKEDY) values (99,599,'BA118VM',null,to_date('14-OCT-16','DD-MON-RR'),to_date('11-JAN-17','DD-MON-RR'));
Insert into ILLO2.HISTORIA_PARKOVANIA (ID_HISTORIA,ID_MIESTA,SPZ,ID_REZERVACIA_PARK_MIESTO,ODKEDY,DOKEDY) values (100,600,'BA110JB',null,to_date('06-MAR-17','DD-MON-RR'),to_date('21-APR-17','DD-MON-RR'));
Insert into ILLO2.HISTORIA_PARKOVANIA (ID_HISTORIA,ID_MIESTA,SPZ,ID_REZERVACIA_PARK_MIESTO,ODKEDY,DOKEDY) values (101,601,'LM726AM',null,to_date('12-OCT-16','DD-MON-RR'),to_date('12-NOV-16','DD-MON-RR'));
Insert into ILLO2.HISTORIA_PARKOVANIA (ID_HISTORIA,ID_MIESTA,SPZ,ID_REZERVACIA_PARK_MIESTO,ODKEDY,DOKEDY) values (102,602,'BA232BD',null,to_date('11-OCT-16','DD-MON-RR'),to_date('06-DEC-16','DD-MON-RR'));
Insert into ILLO2.HISTORIA_PARKOVANIA (ID_HISTORIA,ID_MIESTA,SPZ,ID_REZERVACIA_PARK_MIESTO,ODKEDY,DOKEDY) values (103,603,'BA392TT',null,to_date('19-JAN-17','DD-MON-RR'),to_date('26-APR-17','DD-MON-RR'));
Insert into ILLO2.HISTORIA_PARKOVANIA (ID_HISTORIA,ID_MIESTA,SPZ,ID_REZERVACIA_PARK_MIESTO,ODKEDY,DOKEDY) values (104,604,'NR815EP',null,to_date('06-SEP-16','DD-MON-RR'),to_date('14-APR-17','DD-MON-RR'));
Insert into ILLO2.HISTORIA_PARKOVANIA (ID_HISTORIA,ID_MIESTA,SPZ,ID_REZERVACIA_PARK_MIESTO,ODKEDY,DOKEDY) values (105,605,'BA364VS',null,to_date('06-MAR-17','DD-MON-RR'),to_date('24-APR-17','DD-MON-RR'));
Insert into ILLO2.HISTORIA_PARKOVANIA (ID_HISTORIA,ID_MIESTA,SPZ,ID_REZERVACIA_PARK_MIESTO,ODKEDY,DOKEDY) values (106,606,'BA366VN',null,to_date('18-AUG-16','DD-MON-RR'),to_date('16-FEB-17','DD-MON-RR'));
Insert into ILLO2.HISTORIA_PARKOVANIA (ID_HISTORIA,ID_MIESTA,SPZ,ID_REZERVACIA_PARK_MIESTO,ODKEDY,DOKEDY) values (107,607,'BL596LR',7,to_date('27-NOV-16','DD-MON-RR'),to_date('30-DEC-16','DD-MON-RR'));
Insert into ILLO2.HISTORIA_PARKOVANIA (ID_HISTORIA,ID_MIESTA,SPZ,ID_REZERVACIA_PARK_MIESTO,ODKEDY,DOKEDY) values (108,608,'BA826YK',null,to_date('08-MAY-17','DD-MON-RR'),to_date('05-MAY-17','DD-MON-RR'));
Insert into ILLO2.HISTORIA_PARKOVANIA (ID_HISTORIA,ID_MIESTA,SPZ,ID_REZERVACIA_PARK_MIESTO,ODKEDY,DOKEDY) values (109,609,'BA028BA',null,to_date('20-MAR-17','DD-MON-RR'),to_date('19-APR-17','DD-MON-RR'));
Insert into ILLO2.HISTORIA_PARKOVANIA (ID_HISTORIA,ID_MIESTA,SPZ,ID_REZERVACIA_PARK_MIESTO,ODKEDY,DOKEDY) values (110,610,'BA114EB',null,to_date('08-FEB-17','DD-MON-RR'),to_date('03-MAY-17','DD-MON-RR'));
Insert into ILLO2.HISTORIA_PARKOVANIA (ID_HISTORIA,ID_MIESTA,SPZ,ID_REZERVACIA_PARK_MIESTO,ODKEDY,DOKEDY) values (111,611,'BA984GE',null,to_date('06-NOV-16','DD-MON-RR'),to_date('01-APR-17','DD-MON-RR'));
Insert into ILLO2.HISTORIA_PARKOVANIA (ID_HISTORIA,ID_MIESTA,SPZ,ID_REZERVACIA_PARK_MIESTO,ODKEDY,DOKEDY) values (112,612,'GA027DZ',null,to_date('29-AUG-16','DD-MON-RR'),to_date('30-DEC-16','DD-MON-RR'));
Insert into ILLO2.HISTORIA_PARKOVANIA (ID_HISTORIA,ID_MIESTA,SPZ,ID_REZERVACIA_PARK_MIESTO,ODKEDY,DOKEDY) values (113,613,'BA822CA',null,to_date('09-JAN-17','DD-MON-RR'),to_date('02-MAY-17','DD-MON-RR'));
Insert into ILLO2.HISTORIA_PARKOVANIA (ID_HISTORIA,ID_MIESTA,SPZ,ID_REZERVACIA_PARK_MIESTO,ODKEDY,DOKEDY) values (114,614,'MI981AZ',null,to_date('19-DEC-16','DD-MON-RR'),to_date('16-FEB-17','DD-MON-RR'));
Insert into ILLO2.HISTORIA_PARKOVANIA (ID_HISTORIA,ID_MIESTA,SPZ,ID_REZERVACIA_PARK_MIESTO,ODKEDY,DOKEDY) values (115,615,'BA623DI',null,to_date('28-DEC-16','DD-MON-RR'),to_date('03-FEB-17','DD-MON-RR'));
Insert into ILLO2.HISTORIA_PARKOVANIA (ID_HISTORIA,ID_MIESTA,SPZ,ID_REZERVACIA_PARK_MIESTO,ODKEDY,DOKEDY) values (116,616,'BA110RC',null,to_date('15-AUG-16','DD-MON-RR'),to_date('01-MAY-17','DD-MON-RR'));
Insert into ILLO2.HISTORIA_PARKOVANIA (ID_HISTORIA,ID_MIESTA,SPZ,ID_REZERVACIA_PARK_MIESTO,ODKEDY,DOKEDY) values (117,617,'PK966BL',null,to_date('04-FEB-17','DD-MON-RR'),to_date('02-APR-17','DD-MON-RR'));
Insert into ILLO2.HISTORIA_PARKOVANIA (ID_HISTORIA,ID_MIESTA,SPZ,ID_REZERVACIA_PARK_MIESTO,ODKEDY,DOKEDY) values (118,618,'BL387BV',null,to_date('21-NOV-16','DD-MON-RR'),to_date('02-JAN-17','DD-MON-RR'));
Insert into ILLO2.HISTORIA_PARKOVANIA (ID_HISTORIA,ID_MIESTA,SPZ,ID_REZERVACIA_PARK_MIESTO,ODKEDY,DOKEDY) values (119,619,'BL643DJ',null,to_date('04-MAR-17','DD-MON-RR'),to_date('01-APR-17','DD-MON-RR'));
Insert into ILLO2.HISTORIA_PARKOVANIA (ID_HISTORIA,ID_MIESTA,SPZ,ID_REZERVACIA_PARK_MIESTO,ODKEDY,DOKEDY) values (120,620,'BA486UC',null,to_date('19-JAN-17','DD-MON-RR'),to_date('19-JAN-17','DD-MON-RR'));
Insert into ILLO2.HISTORIA_PARKOVANIA (ID_HISTORIA,ID_MIESTA,SPZ,ID_REZERVACIA_PARK_MIESTO,ODKEDY,DOKEDY) values (121,621,'BA030BK',null,to_date('09-NOV-16','DD-MON-RR'),to_date('18-FEB-17','DD-MON-RR'));
Insert into ILLO2.HISTORIA_PARKOVANIA (ID_HISTORIA,ID_MIESTA,SPZ,ID_REZERVACIA_PARK_MIESTO,ODKEDY,DOKEDY) values (122,622,'BA762XF',null,to_date('31-DEC-16','DD-MON-RR'),to_date('22-APR-17','DD-MON-RR'));
Insert into ILLO2.HISTORIA_PARKOVANIA (ID_HISTORIA,ID_MIESTA,SPZ,ID_REZERVACIA_PARK_MIESTO,ODKEDY,DOKEDY) values (123,623,'BA956AT',null,to_date('01-MAY-17','DD-MON-RR'),to_date('05-MAY-17','DD-MON-RR'));
Insert into ILLO2.HISTORIA_PARKOVANIA (ID_HISTORIA,ID_MIESTA,SPZ,ID_REZERVACIA_PARK_MIESTO,ODKEDY,DOKEDY) values (124,624,'BB496AM',null,to_date('19-MAR-17','DD-MON-RR'),to_date('25-APR-17','DD-MON-RR'));
Insert into ILLO2.HISTORIA_PARKOVANIA (ID_HISTORIA,ID_MIESTA,SPZ,ID_REZERVACIA_PARK_MIESTO,ODKEDY,DOKEDY) values (125,625,'BA433FO',8,to_date('24-APR-17','DD-MON-RR'),to_date('27-APR-17','DD-MON-RR'));
Insert into ILLO2.HISTORIA_PARKOVANIA (ID_HISTORIA,ID_MIESTA,SPZ,ID_REZERVACIA_PARK_MIESTO,ODKEDY,DOKEDY) values (126,626,'BA189BI',null,to_date('12-SEP-16','DD-MON-RR'),to_date('17-APR-17','DD-MON-RR'));
Insert into ILLO2.HISTORIA_PARKOVANIA (ID_HISTORIA,ID_MIESTA,SPZ,ID_REZERVACIA_PARK_MIESTO,ODKEDY,DOKEDY) values (127,627,'BA528CP',null,to_date('15-MAR-17','DD-MON-RR'),to_date('19-APR-17','DD-MON-RR'));
Insert into ILLO2.HISTORIA_PARKOVANIA (ID_HISTORIA,ID_MIESTA,SPZ,ID_REZERVACIA_PARK_MIESTO,ODKEDY,DOKEDY) values (128,628,'SE120AS',null,to_date('12-MAR-17','DD-MON-RR'),to_date('12-APR-17','DD-MON-RR'));
Insert into ILLO2.HISTORIA_PARKOVANIA (ID_HISTORIA,ID_MIESTA,SPZ,ID_REZERVACIA_PARK_MIESTO,ODKEDY,DOKEDY) values (138,638,'BA028VL',null,to_date('27-FEB-17','DD-MON-RR'),to_date('21-APR-17','DD-MON-RR'));
Insert into ILLO2.HISTORIA_PARKOVANIA (ID_HISTORIA,ID_MIESTA,SPZ,ID_REZERVACIA_PARK_MIESTO,ODKEDY,DOKEDY) values (139,639,'BL437KO',null,to_date('28-NOV-16','DD-MON-RR'),to_date('04-JAN-17','DD-MON-RR'));
Insert into ILLO2.HISTORIA_PARKOVANIA (ID_HISTORIA,ID_MIESTA,SPZ,ID_REZERVACIA_PARK_MIESTO,ODKEDY,DOKEDY) values (140,640,'BA228LM',null,to_date('10-NOV-16','DD-MON-RR'),to_date('04-MAR-17','DD-MON-RR'));
Insert into ILLO2.HISTORIA_PARKOVANIA (ID_HISTORIA,ID_MIESTA,SPZ,ID_REZERVACIA_PARK_MIESTO,ODKEDY,DOKEDY) values (141,641,'BA928ML',null,to_date('27-DEC-16','DD-MON-RR'),to_date('28-JAN-17','DD-MON-RR'));
Insert into ILLO2.HISTORIA_PARKOVANIA (ID_HISTORIA,ID_MIESTA,SPZ,ID_REZERVACIA_PARK_MIESTO,ODKEDY,DOKEDY) values (142,642,'BA806KP',null,to_date('16-APR-17','DD-MON-RR'),to_date('16-APR-17','DD-MON-RR'));
Insert into ILLO2.HISTORIA_PARKOVANIA (ID_HISTORIA,ID_MIESTA,SPZ,ID_REZERVACIA_PARK_MIESTO,ODKEDY,DOKEDY) values (143,643,'TO803AZ',null,to_date('04-MAY-17','DD-MON-RR'),to_date('04-MAY-17','DD-MON-RR'));
Insert into ILLO2.HISTORIA_PARKOVANIA (ID_HISTORIA,ID_MIESTA,SPZ,ID_REZERVACIA_PARK_MIESTO,ODKEDY,DOKEDY) values (144,644,'BA341KR',null,to_date('09-JAN-17','DD-MON-RR'),to_date('02-FEB-17','DD-MON-RR'));
Insert into ILLO2.HISTORIA_PARKOVANIA (ID_HISTORIA,ID_MIESTA,SPZ,ID_REZERVACIA_PARK_MIESTO,ODKEDY,DOKEDY) values (145,645,'BA185CK',null,to_date('23-AUG-16','DD-MON-RR'),to_date('27-APR-17','DD-MON-RR'));
Insert into ILLO2.HISTORIA_PARKOVANIA (ID_HISTORIA,ID_MIESTA,SPZ,ID_REZERVACIA_PARK_MIESTO,ODKEDY,DOKEDY) values (146,646,'BA311HC',null,to_date('03-OCT-16','DD-MON-RR'),to_date('15-JAN-17','DD-MON-RR'));
Insert into ILLO2.HISTORIA_PARKOVANIA (ID_HISTORIA,ID_MIESTA,SPZ,ID_REZERVACIA_PARK_MIESTO,ODKEDY,DOKEDY) values (147,647,'BA737CK',null,to_date('27-APR-17','DD-MON-RR'),to_date('04-MAY-17','DD-MON-RR'));
Insert into ILLO2.HISTORIA_PARKOVANIA (ID_HISTORIA,ID_MIESTA,SPZ,ID_REZERVACIA_PARK_MIESTO,ODKEDY,DOKEDY) values (148,648,'RS797BB',null,to_date('10-FEB-17','DD-MON-RR'),to_date('09-APR-17','DD-MON-RR'));
Insert into ILLO2.HISTORIA_PARKOVANIA (ID_HISTORIA,ID_MIESTA,SPZ,ID_REZERVACIA_PARK_MIESTO,ODKEDY,DOKEDY) values (149,649,'SA247BE',null,to_date('27-SEP-16','DD-MON-RR'),to_date('07-APR-17','DD-MON-RR'));
Insert into ILLO2.HISTORIA_PARKOVANIA (ID_HISTORIA,ID_MIESTA,SPZ,ID_REZERVACIA_PARK_MIESTO,ODKEDY,DOKEDY) values (150,650,'MI660CR',null,to_date('27-FEB-17','DD-MON-RR'),to_date('29-MAR-17','DD-MON-RR'));
Insert into ILLO2.HISTORIA_PARKOVANIA (ID_HISTORIA,ID_MIESTA,SPZ,ID_REZERVACIA_PARK_MIESTO,ODKEDY,DOKEDY) values (151,651,'MA502BY',null,to_date('04-MAY-17','DD-MON-RR'),to_date('05-MAY-17','DD-MON-RR'));
Insert into ILLO2.HISTORIA_PARKOVANIA (ID_HISTORIA,ID_MIESTA,SPZ,ID_REZERVACIA_PARK_MIESTO,ODKEDY,DOKEDY) values (152,652,'BL074AD',null,to_date('07-DEC-16','DD-MON-RR'),to_date('11-DEC-16','DD-MON-RR'));
Insert into ILLO2.HISTORIA_PARKOVANIA (ID_HISTORIA,ID_MIESTA,SPZ,ID_REZERVACIA_PARK_MIESTO,ODKEDY,DOKEDY) values (153,653,'BA621NA',null,to_date('16-AUG-16','DD-MON-RR'),to_date('29-NOV-16','DD-MON-RR'));
Insert into ILLO2.HISTORIA_PARKOVANIA (ID_HISTORIA,ID_MIESTA,SPZ,ID_REZERVACIA_PARK_MIESTO,ODKEDY,DOKEDY) values (154,654,'BA540ME',null,to_date('04-JAN-17','DD-MON-RR'),to_date('02-APR-17','DD-MON-RR'));
Insert into ILLO2.HISTORIA_PARKOVANIA (ID_HISTORIA,ID_MIESTA,SPZ,ID_REZERVACIA_PARK_MIESTO,ODKEDY,DOKEDY) values (155,655,'BL323BA',5,to_date('16-NOV-16','DD-MON-RR'),to_date('08-DEC-16','DD-MON-RR'));
Insert into ILLO2.HISTORIA_PARKOVANIA (ID_HISTORIA,ID_MIESTA,SPZ,ID_REZERVACIA_PARK_MIESTO,ODKEDY,DOKEDY) values (156,656,'BA788DE',null,to_date('08-SEP-16','DD-MON-RR'),to_date('17-DEC-16','DD-MON-RR'));
Insert into ILLO2.HISTORIA_PARKOVANIA (ID_HISTORIA,ID_MIESTA,SPZ,ID_REZERVACIA_PARK_MIESTO,ODKEDY,DOKEDY) values (157,657,'BA011OT',null,to_date('25-JAN-17','DD-MON-RR'),to_date('01-MAY-17','DD-MON-RR'));
Insert into ILLO2.HISTORIA_PARKOVANIA (ID_HISTORIA,ID_MIESTA,SPZ,ID_REZERVACIA_PARK_MIESTO,ODKEDY,DOKEDY) values (158,658,'BA345LO',null,to_date('01-JAN-17','DD-MON-RR'),to_date('01-FEB-17','DD-MON-RR'));
Insert into ILLO2.HISTORIA_PARKOVANIA (ID_HISTORIA,ID_MIESTA,SPZ,ID_REZERVACIA_PARK_MIESTO,ODKEDY,DOKEDY) values (159,659,'BA448DA',null,to_date('10-NOV-16','DD-MON-RR'),to_date('06-MAR-17','DD-MON-RR'));
Insert into ILLO2.HISTORIA_PARKOVANIA (ID_HISTORIA,ID_MIESTA,SPZ,ID_REZERVACIA_PARK_MIESTO,ODKEDY,DOKEDY) values (160,660,'BA494EA',null,to_date('18-MAR-17','DD-MON-RR'),to_date('19-APR-17','DD-MON-RR'));
Insert into ILLO2.HISTORIA_PARKOVANIA (ID_HISTORIA,ID_MIESTA,SPZ,ID_REZERVACIA_PARK_MIESTO,ODKEDY,DOKEDY) values (161,661,'BA831HS',null,to_date('24-OCT-16','DD-MON-RR'),to_date('24-FEB-17','DD-MON-RR'));
Insert into ILLO2.HISTORIA_PARKOVANIA (ID_HISTORIA,ID_MIESTA,SPZ,ID_REZERVACIA_PARK_MIESTO,ODKEDY,DOKEDY) values (162,662,'BA540AL',null,to_date('25-DEC-16','DD-MON-RR'),to_date('16-APR-17','DD-MON-RR'));
Insert into ILLO2.HISTORIA_PARKOVANIA (ID_HISTORIA,ID_MIESTA,SPZ,ID_REZERVACIA_PARK_MIESTO,ODKEDY,DOKEDY) values (163,663,'BA501AO',null,to_date('03-NOV-16','DD-MON-RR'),to_date('04-FEB-17','DD-MON-RR'));
Insert into ILLO2.HISTORIA_PARKOVANIA (ID_HISTORIA,ID_MIESTA,SPZ,ID_REZERVACIA_PARK_MIESTO,ODKEDY,DOKEDY) values (164,664,'SN207CR',null,to_date('22-JAN-17','DD-MON-RR'),to_date('18-FEB-17','DD-MON-RR'));
Insert into ILLO2.HISTORIA_PARKOVANIA (ID_HISTORIA,ID_MIESTA,SPZ,ID_REZERVACIA_PARK_MIESTO,ODKEDY,DOKEDY) values (165,665,'BA895JU',null,to_date('22-JAN-17','DD-MON-RR'),to_date('24-MAR-17','DD-MON-RR'));
Insert into ILLO2.HISTORIA_PARKOVANIA (ID_HISTORIA,ID_MIESTA,SPZ,ID_REZERVACIA_PARK_MIESTO,ODKEDY,DOKEDY) values (166,666,'BL772DO',null,to_date('12-JAN-17','DD-MON-RR'),to_date('24-FEB-17','DD-MON-RR'));
Insert into ILLO2.HISTORIA_PARKOVANIA (ID_HISTORIA,ID_MIESTA,SPZ,ID_REZERVACIA_PARK_MIESTO,ODKEDY,DOKEDY) values (167,667,'BL788EU',null,to_date('25-AUG-16','DD-MON-RR'),to_date('05-MAY-17','DD-MON-RR'));
Insert into ILLO2.HISTORIA_PARKOVANIA (ID_HISTORIA,ID_MIESTA,SPZ,ID_REZERVACIA_PARK_MIESTO,ODKEDY,DOKEDY) values (168,668,'NR263GV',null,to_date('14-DEC-16','DD-MON-RR'),to_date('03-JAN-17','DD-MON-RR'));
Insert into ILLO2.HISTORIA_PARKOVANIA (ID_HISTORIA,ID_MIESTA,SPZ,ID_REZERVACIA_PARK_MIESTO,ODKEDY,DOKEDY) values (169,669,'MA605CV',null,to_date('20-NOV-16','DD-MON-RR'),to_date('18-DEC-16','DD-MON-RR'));
Insert into ILLO2.HISTORIA_PARKOVANIA (ID_HISTORIA,ID_MIESTA,SPZ,ID_REZERVACIA_PARK_MIESTO,ODKEDY,DOKEDY) values (170,670,'BA914DS',null,to_date('27-FEB-17','DD-MON-RR'),to_date('26-MAR-17','DD-MON-RR'));
Insert into ILLO2.HISTORIA_PARKOVANIA (ID_HISTORIA,ID_MIESTA,SPZ,ID_REZERVACIA_PARK_MIESTO,ODKEDY,DOKEDY) values (171,671,'BA416KK',null,to_date('25-FEB-17','DD-MON-RR'),to_date('21-APR-17','DD-MON-RR'));
Insert into ILLO2.HISTORIA_PARKOVANIA (ID_HISTORIA,ID_MIESTA,SPZ,ID_REZERVACIA_PARK_MIESTO,ODKEDY,DOKEDY) values (172,672,'BA586NS',null,to_date('08-DEC-16','DD-MON-RR'),to_date('12-MAR-17','DD-MON-RR'));
Insert into ILLO2.HISTORIA_PARKOVANIA (ID_HISTORIA,ID_MIESTA,SPZ,ID_REZERVACIA_PARK_MIESTO,ODKEDY,DOKEDY) values (173,673,'RK558BN',null,to_date('13-NOV-16','DD-MON-RR'),to_date('17-NOV-16','DD-MON-RR'));
Insert into ILLO2.HISTORIA_PARKOVANIA (ID_HISTORIA,ID_MIESTA,SPZ,ID_REZERVACIA_PARK_MIESTO,ODKEDY,DOKEDY) values (174,674,'MA324AS',null,to_date('05-MAR-17','DD-MON-RR'),to_date('13-APR-17','DD-MON-RR'));
Insert into ILLO2.HISTORIA_PARKOVANIA (ID_HISTORIA,ID_MIESTA,SPZ,ID_REZERVACIA_PARK_MIESTO,ODKEDY,DOKEDY) values (175,675,'BA118VM',null,to_date('22-JAN-17','DD-MON-RR'),to_date('22-APR-17','DD-MON-RR'));
Insert into ILLO2.HISTORIA_PARKOVANIA (ID_HISTORIA,ID_MIESTA,SPZ,ID_REZERVACIA_PARK_MIESTO,ODKEDY,DOKEDY) values (176,676,'BA110JB',null,to_date('09-APR-17','DD-MON-RR'),to_date('14-APR-17','DD-MON-RR'));
Insert into ILLO2.HISTORIA_PARKOVANIA (ID_HISTORIA,ID_MIESTA,SPZ,ID_REZERVACIA_PARK_MIESTO,ODKEDY,DOKEDY) values (177,677,'LM726AM',null,to_date('06-OCT-16','DD-MON-RR'),to_date('16-APR-17','DD-MON-RR'));
Insert into ILLO2.HISTORIA_PARKOVANIA (ID_HISTORIA,ID_MIESTA,SPZ,ID_REZERVACIA_PARK_MIESTO,ODKEDY,DOKEDY) values (178,678,'BA232BD',null,to_date('25-FEB-17','DD-MON-RR'),to_date('14-APR-17','DD-MON-RR'));
Insert into ILLO2.HISTORIA_PARKOVANIA (ID_HISTORIA,ID_MIESTA,SPZ,ID_REZERVACIA_PARK_MIESTO,ODKEDY,DOKEDY) values (179,679,'BA392TT',null,to_date('06-DEC-16','DD-MON-RR'),to_date('22-APR-17','DD-MON-RR'));
Insert into ILLO2.HISTORIA_PARKOVANIA (ID_HISTORIA,ID_MIESTA,SPZ,ID_REZERVACIA_PARK_MIESTO,ODKEDY,DOKEDY) values (180,680,'NR815EP',null,to_date('05-APR-17','DD-MON-RR'),to_date('26-APR-17','DD-MON-RR'));
Insert into ILLO2.HISTORIA_PARKOVANIA (ID_HISTORIA,ID_MIESTA,SPZ,ID_REZERVACIA_PARK_MIESTO,ODKEDY,DOKEDY) values (181,681,'BA364VS',null,to_date('27-JAN-17','DD-MON-RR'),to_date('27-APR-17','DD-MON-RR'));
Insert into ILLO2.HISTORIA_PARKOVANIA (ID_HISTORIA,ID_MIESTA,SPZ,ID_REZERVACIA_PARK_MIESTO,ODKEDY,DOKEDY) values (182,682,'BA366VN',null,to_date('30-AUG-16','DD-MON-RR'),to_date('08-APR-17','DD-MON-RR'));
Insert into ILLO2.HISTORIA_PARKOVANIA (ID_HISTORIA,ID_MIESTA,SPZ,ID_REZERVACIA_PARK_MIESTO,ODKEDY,DOKEDY) values (183,683,'BL596LR',null,to_date('12-MAR-17','DD-MON-RR'),to_date('04-MAY-17','DD-MON-RR'));
Insert into ILLO2.HISTORIA_PARKOVANIA (ID_HISTORIA,ID_MIESTA,SPZ,ID_REZERVACIA_PARK_MIESTO,ODKEDY,DOKEDY) values (184,684,'BA826YK',null,to_date('28-SEP-16','DD-MON-RR'),to_date('10-NOV-16','DD-MON-RR'));
Insert into ILLO2.HISTORIA_PARKOVANIA (ID_HISTORIA,ID_MIESTA,SPZ,ID_REZERVACIA_PARK_MIESTO,ODKEDY,DOKEDY) values (185,685,'BA028BA',null,to_date('09-OCT-16','DD-MON-RR'),to_date('29-JAN-17','DD-MON-RR'));
Insert into ILLO2.HISTORIA_PARKOVANIA (ID_HISTORIA,ID_MIESTA,SPZ,ID_REZERVACIA_PARK_MIESTO,ODKEDY,DOKEDY) values (186,686,'BA114EB',null,to_date('27-OCT-16','DD-MON-RR'),to_date('03-MAR-17','DD-MON-RR'));
Insert into ILLO2.HISTORIA_PARKOVANIA (ID_HISTORIA,ID_MIESTA,SPZ,ID_REZERVACIA_PARK_MIESTO,ODKEDY,DOKEDY) values (187,687,'BA984GE',null,to_date('11-APR-17','DD-MON-RR'),to_date('16-APR-17','DD-MON-RR'));
Insert into ILLO2.HISTORIA_PARKOVANIA (ID_HISTORIA,ID_MIESTA,SPZ,ID_REZERVACIA_PARK_MIESTO,ODKEDY,DOKEDY) values (188,688,'GA027DZ',null,to_date('04-MAY-17','DD-MON-RR'),to_date('04-MAY-17','DD-MON-RR'));
Insert into ILLO2.HISTORIA_PARKOVANIA (ID_HISTORIA,ID_MIESTA,SPZ,ID_REZERVACIA_PARK_MIESTO,ODKEDY,DOKEDY) values (189,689,'BA822CA',null,to_date('07-NOV-16','DD-MON-RR'),to_date('27-NOV-16','DD-MON-RR'));
Insert into ILLO2.HISTORIA_PARKOVANIA (ID_HISTORIA,ID_MIESTA,SPZ,ID_REZERVACIA_PARK_MIESTO,ODKEDY,DOKEDY) values (190,690,'MI981AZ',null,to_date('20-JAN-17','DD-MON-RR'),to_date('02-MAR-17','DD-MON-RR'));
Insert into ILLO2.HISTORIA_PARKOVANIA (ID_HISTORIA,ID_MIESTA,SPZ,ID_REZERVACIA_PARK_MIESTO,ODKEDY,DOKEDY) values (191,691,'BA623DI',null,to_date('06-MAR-17','DD-MON-RR'),to_date('28-APR-17','DD-MON-RR'));
Insert into ILLO2.HISTORIA_PARKOVANIA (ID_HISTORIA,ID_MIESTA,SPZ,ID_REZERVACIA_PARK_MIESTO,ODKEDY,DOKEDY) values (192,692,'BA110RC',null,to_date('26-NOV-16','DD-MON-RR'),to_date('23-APR-17','DD-MON-RR'));
Insert into ILLO2.HISTORIA_PARKOVANIA (ID_HISTORIA,ID_MIESTA,SPZ,ID_REZERVACIA_PARK_MIESTO,ODKEDY,DOKEDY) values (193,693,'PK966BL',null,to_date('13-SEP-16','DD-MON-RR'),to_date('18-SEP-16','DD-MON-RR'));
Insert into ILLO2.HISTORIA_PARKOVANIA (ID_HISTORIA,ID_MIESTA,SPZ,ID_REZERVACIA_PARK_MIESTO,ODKEDY,DOKEDY) values (194,694,'BL387BV',null,to_date('22-NOV-16','DD-MON-RR'),to_date('21-JAN-17','DD-MON-RR'));
Insert into ILLO2.HISTORIA_PARKOVANIA (ID_HISTORIA,ID_MIESTA,SPZ,ID_REZERVACIA_PARK_MIESTO,ODKEDY,DOKEDY) values (195,695,'BL643DJ',null,to_date('06-MAR-17','DD-MON-RR'),to_date('17-APR-17','DD-MON-RR'));
Insert into ILLO2.HISTORIA_PARKOVANIA (ID_HISTORIA,ID_MIESTA,SPZ,ID_REZERVACIA_PARK_MIESTO,ODKEDY,DOKEDY) values (196,696,'BA486UC',null,to_date('16-APR-17','DD-MON-RR'),to_date('04-MAY-17','DD-MON-RR'));
Insert into ILLO2.HISTORIA_PARKOVANIA (ID_HISTORIA,ID_MIESTA,SPZ,ID_REZERVACIA_PARK_MIESTO,ODKEDY,DOKEDY) values (197,697,'BA030BK',7,to_date('28-JAN-17','DD-MON-RR'),to_date('14-MAR-17','DD-MON-RR'));
Insert into ILLO2.HISTORIA_PARKOVANIA (ID_HISTORIA,ID_MIESTA,SPZ,ID_REZERVACIA_PARK_MIESTO,ODKEDY,DOKEDY) values (198,698,'BA762XF',null,to_date('06-JAN-17','DD-MON-RR'),to_date('18-JAN-17','DD-MON-RR'));
Insert into ILLO2.HISTORIA_PARKOVANIA (ID_HISTORIA,ID_MIESTA,SPZ,ID_REZERVACIA_PARK_MIESTO,ODKEDY,DOKEDY) values (199,699,'BA956AT',null,to_date('01-OCT-16','DD-MON-RR'),to_date('13-APR-17','DD-MON-RR'));
Insert into ILLO2.HISTORIA_PARKOVANIA (ID_HISTORIA,ID_MIESTA,SPZ,ID_REZERVACIA_PARK_MIESTO,ODKEDY,DOKEDY) values (200,700,'BB496AM',null,to_date('01-OCT-16','DD-MON-RR'),to_date('01-APR-17','DD-MON-RR'));
Insert into ILLO2.HISTORIA_PARKOVANIA (ID_HISTORIA,ID_MIESTA,SPZ,ID_REZERVACIA_PARK_MIESTO,ODKEDY,DOKEDY) values (201,701,'BA433FO',null,to_date('08-FEB-17','DD-MON-RR'),to_date('02-MAY-17','DD-MON-RR'));
Insert into ILLO2.HISTORIA_PARKOVANIA (ID_HISTORIA,ID_MIESTA,SPZ,ID_REZERVACIA_PARK_MIESTO,ODKEDY,DOKEDY) values (202,702,'BA189BI',null,to_date('20-FEB-17','DD-MON-RR'),to_date('03-APR-17','DD-MON-RR'));
Insert into ILLO2.HISTORIA_PARKOVANIA (ID_HISTORIA,ID_MIESTA,SPZ,ID_REZERVACIA_PARK_MIESTO,ODKEDY,DOKEDY) values (203,703,'BA528CP',null,to_date('31-AUG-16','DD-MON-RR'),to_date('11-APR-17','DD-MON-RR'));
Insert into ILLO2.HISTORIA_PARKOVANIA (ID_HISTORIA,ID_MIESTA,SPZ,ID_REZERVACIA_PARK_MIESTO,ODKEDY,DOKEDY) values (204,704,'SE120AS',null,to_date('28-FEB-17','DD-MON-RR'),to_date('13-MAR-17','DD-MON-RR'));
Insert into ILLO2.HISTORIA_PARKOVANIA (ID_HISTORIA,ID_MIESTA,SPZ,ID_REZERVACIA_PARK_MIESTO,ODKEDY,DOKEDY) values (205,705,'BA292UH',null,to_date('09-DEC-16','DD-MON-RR'),to_date('07-FEB-17','DD-MON-RR'));
Insert into ILLO2.HISTORIA_PARKOVANIA (ID_HISTORIA,ID_MIESTA,SPZ,ID_REZERVACIA_PARK_MIESTO,ODKEDY,DOKEDY) values (206,706,'BA950RN',null,to_date('04-FEB-17','DD-MON-RR'),to_date('05-APR-17','DD-MON-RR'));
Insert into ILLO2.HISTORIA_PARKOVANIA (ID_HISTORIA,ID_MIESTA,SPZ,ID_REZERVACIA_PARK_MIESTO,ODKEDY,DOKEDY) values (207,707,'BA374VL',null,to_date('04-MAY-17','DD-MON-RR'),to_date('05-MAY-17','DD-MON-RR'));
Insert into ILLO2.HISTORIA_PARKOVANIA (ID_HISTORIA,ID_MIESTA,SPZ,ID_REZERVACIA_PARK_MIESTO,ODKEDY,DOKEDY) values (208,708,'BL437GZ',null,to_date('04-MAR-17','DD-MON-RR'),to_date('10-MAR-17','DD-MON-RR'));
Insert into ILLO2.HISTORIA_PARKOVANIA (ID_HISTORIA,ID_MIESTA,SPZ,ID_REZERVACIA_PARK_MIESTO,ODKEDY,DOKEDY) values (209,709,'RV818BV',null,to_date('22-NOV-16','DD-MON-RR'),to_date('18-DEC-16','DD-MON-RR'));
Insert into ILLO2.HISTORIA_PARKOVANIA (ID_HISTORIA,ID_MIESTA,SPZ,ID_REZERVACIA_PARK_MIESTO,ODKEDY,DOKEDY) values (210,710,'BL560JH',null,to_date('15-JAN-17','DD-MON-RR'),to_date('12-APR-17','DD-MON-RR'));
Insert into ILLO2.HISTORIA_PARKOVANIA (ID_HISTORIA,ID_MIESTA,SPZ,ID_REZERVACIA_PARK_MIESTO,ODKEDY,DOKEDY) values (211,711,'BA042JE',null,to_date('15-APR-17','DD-MON-RR'),to_date('20-APR-17','DD-MON-RR'));
Insert into ILLO2.HISTORIA_PARKOVANIA (ID_HISTORIA,ID_MIESTA,SPZ,ID_REZERVACIA_PARK_MIESTO,ODKEDY,DOKEDY) values (212,712,'BA511TE',null,to_date('11-NOV-16','DD-MON-RR'),to_date('06-DEC-16','DD-MON-RR'));
Insert into ILLO2.HISTORIA_PARKOVANIA (ID_HISTORIA,ID_MIESTA,SPZ,ID_REZERVACIA_PARK_MIESTO,ODKEDY,DOKEDY) values (213,713,'BA330VG',null,to_date('11-SEP-16','DD-MON-RR'),to_date('12-DEC-16','DD-MON-RR'));
Insert into ILLO2.HISTORIA_PARKOVANIA (ID_HISTORIA,ID_MIESTA,SPZ,ID_REZERVACIA_PARK_MIESTO,ODKEDY,DOKEDY) values (214,714,'BA028VL',null,to_date('23-OCT-16','DD-MON-RR'),to_date('03-APR-17','DD-MON-RR'));
Insert into ILLO2.HISTORIA_PARKOVANIA (ID_HISTORIA,ID_MIESTA,SPZ,ID_REZERVACIA_PARK_MIESTO,ODKEDY,DOKEDY) values (215,715,'BL437KO',null,to_date('20-DEC-16','DD-MON-RR'),to_date('28-JAN-17','DD-MON-RR'));
Insert into ILLO2.HISTORIA_PARKOVANIA (ID_HISTORIA,ID_MIESTA,SPZ,ID_REZERVACIA_PARK_MIESTO,ODKEDY,DOKEDY) values (216,716,'BA228LM',null,to_date('01-MAR-17','DD-MON-RR'),to_date('29-MAR-17','DD-MON-RR'));
Insert into ILLO2.HISTORIA_PARKOVANIA (ID_HISTORIA,ID_MIESTA,SPZ,ID_REZERVACIA_PARK_MIESTO,ODKEDY,DOKEDY) values (217,717,'BA928ML',null,to_date('07-JAN-17','DD-MON-RR'),to_date('25-APR-17','DD-MON-RR'));
Insert into ILLO2.HISTORIA_PARKOVANIA (ID_HISTORIA,ID_MIESTA,SPZ,ID_REZERVACIA_PARK_MIESTO,ODKEDY,DOKEDY) values (218,718,'BA806KP',null,to_date('07-OCT-16','DD-MON-RR'),to_date('13-FEB-17','DD-MON-RR'));
Insert into ILLO2.HISTORIA_PARKOVANIA (ID_HISTORIA,ID_MIESTA,SPZ,ID_REZERVACIA_PARK_MIESTO,ODKEDY,DOKEDY) values (219,719,'TO803AZ',null,to_date('04-JAN-17','DD-MON-RR'),to_date('09-JAN-17','DD-MON-RR'));
Insert into ILLO2.HISTORIA_PARKOVANIA (ID_HISTORIA,ID_MIESTA,SPZ,ID_REZERVACIA_PARK_MIESTO,ODKEDY,DOKEDY) values (220,720,'BA341KR',null,to_date('10-SEP-16','DD-MON-RR'),to_date('05-NOV-16','DD-MON-RR'));
Insert into ILLO2.HISTORIA_PARKOVANIA (ID_HISTORIA,ID_MIESTA,SPZ,ID_REZERVACIA_PARK_MIESTO,ODKEDY,DOKEDY) values (221,721,'BA185CK',null,to_date('31-OCT-16','DD-MON-RR'),to_date('04-MAR-17','DD-MON-RR'));
Insert into ILLO2.HISTORIA_PARKOVANIA (ID_HISTORIA,ID_MIESTA,SPZ,ID_REZERVACIA_PARK_MIESTO,ODKEDY,DOKEDY) values (222,722,'BA311HC',null,to_date('07-NOV-16','DD-MON-RR'),to_date('09-APR-17','DD-MON-RR'));
Insert into ILLO2.HISTORIA_PARKOVANIA (ID_HISTORIA,ID_MIESTA,SPZ,ID_REZERVACIA_PARK_MIESTO,ODKEDY,DOKEDY) values (223,723,'BA737CK',null,to_date('01-SEP-16','DD-MON-RR'),to_date('15-APR-17','DD-MON-RR'));
Insert into ILLO2.HISTORIA_PARKOVANIA (ID_HISTORIA,ID_MIESTA,SPZ,ID_REZERVACIA_PARK_MIESTO,ODKEDY,DOKEDY) values (224,724,'RS797BB',null,to_date('14-APR-17','DD-MON-RR'),to_date('21-APR-17','DD-MON-RR'));
Insert into ILLO2.HISTORIA_PARKOVANIA (ID_HISTORIA,ID_MIESTA,SPZ,ID_REZERVACIA_PARK_MIESTO,ODKEDY,DOKEDY) values (225,725,'SA247BE',null,to_date('02-NOV-16','DD-MON-RR'),to_date('26-JAN-17','DD-MON-RR'));
Insert into ILLO2.HISTORIA_PARKOVANIA (ID_HISTORIA,ID_MIESTA,SPZ,ID_REZERVACIA_PARK_MIESTO,ODKEDY,DOKEDY) values (226,726,'MI660CR',null,to_date('06-NOV-16','DD-MON-RR'),to_date('20-JAN-17','DD-MON-RR'));
Insert into ILLO2.HISTORIA_PARKOVANIA (ID_HISTORIA,ID_MIESTA,SPZ,ID_REZERVACIA_PARK_MIESTO,ODKEDY,DOKEDY) values (227,727,'MA502BY',null,to_date('29-DEC-16','DD-MON-RR'),to_date('01-MAR-17','DD-MON-RR'));
Insert into ILLO2.HISTORIA_PARKOVANIA (ID_HISTORIA,ID_MIESTA,SPZ,ID_REZERVACIA_PARK_MIESTO,ODKEDY,DOKEDY) values (228,728,'BL074AD',null,to_date('05-APR-17','DD-MON-RR'),to_date('11-APR-17','DD-MON-RR'));
Insert into ILLO2.HISTORIA_PARKOVANIA (ID_HISTORIA,ID_MIESTA,SPZ,ID_REZERVACIA_PARK_MIESTO,ODKEDY,DOKEDY) values (229,729,'BA621NA',null,to_date('29-APR-17','DD-MON-RR'),to_date('03-MAY-17','DD-MON-RR'));
Insert into ILLO2.HISTORIA_PARKOVANIA (ID_HISTORIA,ID_MIESTA,SPZ,ID_REZERVACIA_PARK_MIESTO,ODKEDY,DOKEDY) values (230,730,'BA540ME',null,to_date('06-JAN-17','DD-MON-RR'),to_date('19-FEB-17','DD-MON-RR'));
Insert into ILLO2.HISTORIA_PARKOVANIA (ID_HISTORIA,ID_MIESTA,SPZ,ID_REZERVACIA_PARK_MIESTO,ODKEDY,DOKEDY) values (231,731,'BL323BA',null,to_date('14-DEC-16','DD-MON-RR'),to_date('20-DEC-16','DD-MON-RR'));
Insert into ILLO2.HISTORIA_PARKOVANIA (ID_HISTORIA,ID_MIESTA,SPZ,ID_REZERVACIA_PARK_MIESTO,ODKEDY,DOKEDY) values (232,732,'BA788DE',null,to_date('18-AUG-16','DD-MON-RR'),to_date('26-JAN-17','DD-MON-RR'));
Insert into ILLO2.HISTORIA_PARKOVANIA (ID_HISTORIA,ID_MIESTA,SPZ,ID_REZERVACIA_PARK_MIESTO,ODKEDY,DOKEDY) values (233,733,'BA011OT',null,to_date('20-DEC-16','DD-MON-RR'),to_date('24-APR-17','DD-MON-RR'));
Insert into ILLO2.HISTORIA_PARKOVANIA (ID_HISTORIA,ID_MIESTA,SPZ,ID_REZERVACIA_PARK_MIESTO,ODKEDY,DOKEDY) values (234,734,'BA345LO',null,to_date('10-SEP-16','DD-MON-RR'),to_date('01-MAR-17','DD-MON-RR'));
Insert into ILLO2.HISTORIA_PARKOVANIA (ID_HISTORIA,ID_MIESTA,SPZ,ID_REZERVACIA_PARK_MIESTO,ODKEDY,DOKEDY) values (235,735,'BA448DA',null,to_date('06-OCT-16','DD-MON-RR'),to_date('24-OCT-16','DD-MON-RR'));
Insert into ILLO2.HISTORIA_PARKOVANIA (ID_HISTORIA,ID_MIESTA,SPZ,ID_REZERVACIA_PARK_MIESTO,ODKEDY,DOKEDY) values (236,736,'BA494EA',null,to_date('05-NOV-16','DD-MON-RR'),to_date('20-APR-17','DD-MON-RR'));
Insert into ILLO2.HISTORIA_PARKOVANIA (ID_HISTORIA,ID_MIESTA,SPZ,ID_REZERVACIA_PARK_MIESTO,ODKEDY,DOKEDY) values (237,737,'BA831HS',null,to_date('07-JAN-17','DD-MON-RR'),to_date('29-MAR-17','DD-MON-RR'));
Insert into ILLO2.HISTORIA_PARKOVANIA (ID_HISTORIA,ID_MIESTA,SPZ,ID_REZERVACIA_PARK_MIESTO,ODKEDY,DOKEDY) values (238,738,'BA540AL',null,to_date('19-NOV-16','DD-MON-RR'),to_date('05-APR-17','DD-MON-RR'));
Insert into ILLO2.HISTORIA_PARKOVANIA (ID_HISTORIA,ID_MIESTA,SPZ,ID_REZERVACIA_PARK_MIESTO,ODKEDY,DOKEDY) values (239,739,'BA501AO',null,to_date('28-SEP-16','DD-MON-RR'),to_date('30-SEP-16','DD-MON-RR'));
Insert into ILLO2.HISTORIA_PARKOVANIA (ID_HISTORIA,ID_MIESTA,SPZ,ID_REZERVACIA_PARK_MIESTO,ODKEDY,DOKEDY) values (999,652,'BA011OT',null,to_date('08-MAY-17','DD-MON-RR'),null);
REM INSERTING into ILLO2.KUPON
SET DEFINE OFF;
Insert into ILLO2.KUPON (ID_KUPON,ID_ZLAVA) values (300,206);
Insert into ILLO2.KUPON (ID_KUPON,ID_ZLAVA) values (301,206);
Insert into ILLO2.KUPON (ID_KUPON,ID_ZLAVA) values (302,206);
Insert into ILLO2.KUPON (ID_KUPON,ID_ZLAVA) values (303,206);
Insert into ILLO2.KUPON (ID_KUPON,ID_ZLAVA) values (304,206);
Insert into ILLO2.KUPON (ID_KUPON,ID_ZLAVA) values (305,206);
Insert into ILLO2.KUPON (ID_KUPON,ID_ZLAVA) values (306,207);
Insert into ILLO2.KUPON (ID_KUPON,ID_ZLAVA) values (307,207);
Insert into ILLO2.KUPON (ID_KUPON,ID_ZLAVA) values (308,207);
Insert into ILLO2.KUPON (ID_KUPON,ID_ZLAVA) values (309,207);
Insert into ILLO2.KUPON (ID_KUPON,ID_ZLAVA) values (310,207);
Insert into ILLO2.KUPON (ID_KUPON,ID_ZLAVA) values (311,207);
Insert into ILLO2.KUPON (ID_KUPON,ID_ZLAVA) values (312,207);
Insert into ILLO2.KUPON (ID_KUPON,ID_ZLAVA) values (313,208);
Insert into ILLO2.KUPON (ID_KUPON,ID_ZLAVA) values (314,208);
Insert into ILLO2.KUPON (ID_KUPON,ID_ZLAVA) values (315,208);
Insert into ILLO2.KUPON (ID_KUPON,ID_ZLAVA) values (316,208);
Insert into ILLO2.KUPON (ID_KUPON,ID_ZLAVA) values (317,208);
Insert into ILLO2.KUPON (ID_KUPON,ID_ZLAVA) values (318,209);
Insert into ILLO2.KUPON (ID_KUPON,ID_ZLAVA) values (319,209);
Insert into ILLO2.KUPON (ID_KUPON,ID_ZLAVA) values (320,209);
Insert into ILLO2.KUPON (ID_KUPON,ID_ZLAVA) values (1,1);
Insert into ILLO2.KUPON (ID_KUPON,ID_ZLAVA) values (2,2);
Insert into ILLO2.KUPON (ID_KUPON,ID_ZLAVA) values (3,3);
Insert into ILLO2.KUPON (ID_KUPON,ID_ZLAVA) values (4,1);
Insert into ILLO2.KUPON (ID_KUPON,ID_ZLAVA) values (5,3);
Insert into ILLO2.KUPON (ID_KUPON,ID_ZLAVA) values (6,3);
REM INSERTING into ILLO2.PARKOVACIE_MIESTO
SET DEFINE OFF;
Insert into ILLO2.PARKOVACIE_MIESTO (ID_MIESTA,ID_ZONA) values (501,50);
Insert into ILLO2.PARKOVACIE_MIESTO (ID_MIESTA,ID_ZONA) values (502,50);
Insert into ILLO2.PARKOVACIE_MIESTO (ID_MIESTA,ID_ZONA) values (503,50);
Insert into ILLO2.PARKOVACIE_MIESTO (ID_MIESTA,ID_ZONA) values (504,50);
Insert into ILLO2.PARKOVACIE_MIESTO (ID_MIESTA,ID_ZONA) values (505,50);
Insert into ILLO2.PARKOVACIE_MIESTO (ID_MIESTA,ID_ZONA) values (506,50);
Insert into ILLO2.PARKOVACIE_MIESTO (ID_MIESTA,ID_ZONA) values (507,50);
Insert into ILLO2.PARKOVACIE_MIESTO (ID_MIESTA,ID_ZONA) values (508,50);
Insert into ILLO2.PARKOVACIE_MIESTO (ID_MIESTA,ID_ZONA) values (509,50);
Insert into ILLO2.PARKOVACIE_MIESTO (ID_MIESTA,ID_ZONA) values (510,51);
Insert into ILLO2.PARKOVACIE_MIESTO (ID_MIESTA,ID_ZONA) values (511,51);
Insert into ILLO2.PARKOVACIE_MIESTO (ID_MIESTA,ID_ZONA) values (512,51);
Insert into ILLO2.PARKOVACIE_MIESTO (ID_MIESTA,ID_ZONA) values (513,51);
Insert into ILLO2.PARKOVACIE_MIESTO (ID_MIESTA,ID_ZONA) values (514,51);
Insert into ILLO2.PARKOVACIE_MIESTO (ID_MIESTA,ID_ZONA) values (515,51);
Insert into ILLO2.PARKOVACIE_MIESTO (ID_MIESTA,ID_ZONA) values (516,51);
Insert into ILLO2.PARKOVACIE_MIESTO (ID_MIESTA,ID_ZONA) values (517,51);
Insert into ILLO2.PARKOVACIE_MIESTO (ID_MIESTA,ID_ZONA) values (518,51);
Insert into ILLO2.PARKOVACIE_MIESTO (ID_MIESTA,ID_ZONA) values (519,51);
Insert into ILLO2.PARKOVACIE_MIESTO (ID_MIESTA,ID_ZONA) values (520,51);
Insert into ILLO2.PARKOVACIE_MIESTO (ID_MIESTA,ID_ZONA) values (521,51);
Insert into ILLO2.PARKOVACIE_MIESTO (ID_MIESTA,ID_ZONA) values (522,51);
Insert into ILLO2.PARKOVACIE_MIESTO (ID_MIESTA,ID_ZONA) values (523,51);
Insert into ILLO2.PARKOVACIE_MIESTO (ID_MIESTA,ID_ZONA) values (524,51);
Insert into ILLO2.PARKOVACIE_MIESTO (ID_MIESTA,ID_ZONA) values (525,51);
Insert into ILLO2.PARKOVACIE_MIESTO (ID_MIESTA,ID_ZONA) values (526,51);
Insert into ILLO2.PARKOVACIE_MIESTO (ID_MIESTA,ID_ZONA) values (527,51);
Insert into ILLO2.PARKOVACIE_MIESTO (ID_MIESTA,ID_ZONA) values (528,51);
Insert into ILLO2.PARKOVACIE_MIESTO (ID_MIESTA,ID_ZONA) values (529,51);
Insert into ILLO2.PARKOVACIE_MIESTO (ID_MIESTA,ID_ZONA) values (530,51);
Insert into ILLO2.PARKOVACIE_MIESTO (ID_MIESTA,ID_ZONA) values (531,51);
Insert into ILLO2.PARKOVACIE_MIESTO (ID_MIESTA,ID_ZONA) values (532,51);
Insert into ILLO2.PARKOVACIE_MIESTO (ID_MIESTA,ID_ZONA) values (533,51);
Insert into ILLO2.PARKOVACIE_MIESTO (ID_MIESTA,ID_ZONA) values (534,51);
Insert into ILLO2.PARKOVACIE_MIESTO (ID_MIESTA,ID_ZONA) values (535,51);
Insert into ILLO2.PARKOVACIE_MIESTO (ID_MIESTA,ID_ZONA) values (536,51);
Insert into ILLO2.PARKOVACIE_MIESTO (ID_MIESTA,ID_ZONA) values (537,51);
Insert into ILLO2.PARKOVACIE_MIESTO (ID_MIESTA,ID_ZONA) values (538,51);
Insert into ILLO2.PARKOVACIE_MIESTO (ID_MIESTA,ID_ZONA) values (539,51);
Insert into ILLO2.PARKOVACIE_MIESTO (ID_MIESTA,ID_ZONA) values (540,51);
Insert into ILLO2.PARKOVACIE_MIESTO (ID_MIESTA,ID_ZONA) values (541,51);
Insert into ILLO2.PARKOVACIE_MIESTO (ID_MIESTA,ID_ZONA) values (542,51);
Insert into ILLO2.PARKOVACIE_MIESTO (ID_MIESTA,ID_ZONA) values (543,51);
Insert into ILLO2.PARKOVACIE_MIESTO (ID_MIESTA,ID_ZONA) values (544,51);
Insert into ILLO2.PARKOVACIE_MIESTO (ID_MIESTA,ID_ZONA) values (545,51);
Insert into ILLO2.PARKOVACIE_MIESTO (ID_MIESTA,ID_ZONA) values (546,51);
Insert into ILLO2.PARKOVACIE_MIESTO (ID_MIESTA,ID_ZONA) values (547,51);
Insert into ILLO2.PARKOVACIE_MIESTO (ID_MIESTA,ID_ZONA) values (548,51);
Insert into ILLO2.PARKOVACIE_MIESTO (ID_MIESTA,ID_ZONA) values (549,51);
Insert into ILLO2.PARKOVACIE_MIESTO (ID_MIESTA,ID_ZONA) values (550,51);
Insert into ILLO2.PARKOVACIE_MIESTO (ID_MIESTA,ID_ZONA) values (551,51);
Insert into ILLO2.PARKOVACIE_MIESTO (ID_MIESTA,ID_ZONA) values (552,51);
Insert into ILLO2.PARKOVACIE_MIESTO (ID_MIESTA,ID_ZONA) values (553,51);
Insert into ILLO2.PARKOVACIE_MIESTO (ID_MIESTA,ID_ZONA) values (554,51);
Insert into ILLO2.PARKOVACIE_MIESTO (ID_MIESTA,ID_ZONA) values (555,51);
Insert into ILLO2.PARKOVACIE_MIESTO (ID_MIESTA,ID_ZONA) values (556,51);
Insert into ILLO2.PARKOVACIE_MIESTO (ID_MIESTA,ID_ZONA) values (557,51);
Insert into ILLO2.PARKOVACIE_MIESTO (ID_MIESTA,ID_ZONA) values (558,51);
Insert into ILLO2.PARKOVACIE_MIESTO (ID_MIESTA,ID_ZONA) values (559,51);
Insert into ILLO2.PARKOVACIE_MIESTO (ID_MIESTA,ID_ZONA) values (560,51);
Insert into ILLO2.PARKOVACIE_MIESTO (ID_MIESTA,ID_ZONA) values (561,51);
Insert into ILLO2.PARKOVACIE_MIESTO (ID_MIESTA,ID_ZONA) values (562,51);
Insert into ILLO2.PARKOVACIE_MIESTO (ID_MIESTA,ID_ZONA) values (563,51);
Insert into ILLO2.PARKOVACIE_MIESTO (ID_MIESTA,ID_ZONA) values (564,51);
Insert into ILLO2.PARKOVACIE_MIESTO (ID_MIESTA,ID_ZONA) values (565,51);
Insert into ILLO2.PARKOVACIE_MIESTO (ID_MIESTA,ID_ZONA) values (566,51);
Insert into ILLO2.PARKOVACIE_MIESTO (ID_MIESTA,ID_ZONA) values (567,51);
Insert into ILLO2.PARKOVACIE_MIESTO (ID_MIESTA,ID_ZONA) values (568,51);
Insert into ILLO2.PARKOVACIE_MIESTO (ID_MIESTA,ID_ZONA) values (569,51);
Insert into ILLO2.PARKOVACIE_MIESTO (ID_MIESTA,ID_ZONA) values (570,51);
Insert into ILLO2.PARKOVACIE_MIESTO (ID_MIESTA,ID_ZONA) values (571,51);
Insert into ILLO2.PARKOVACIE_MIESTO (ID_MIESTA,ID_ZONA) values (572,51);
Insert into ILLO2.PARKOVACIE_MIESTO (ID_MIESTA,ID_ZONA) values (573,51);
Insert into ILLO2.PARKOVACIE_MIESTO (ID_MIESTA,ID_ZONA) values (574,51);
Insert into ILLO2.PARKOVACIE_MIESTO (ID_MIESTA,ID_ZONA) values (575,51);
Insert into ILLO2.PARKOVACIE_MIESTO (ID_MIESTA,ID_ZONA) values (576,51);
Insert into ILLO2.PARKOVACIE_MIESTO (ID_MIESTA,ID_ZONA) values (577,51);
Insert into ILLO2.PARKOVACIE_MIESTO (ID_MIESTA,ID_ZONA) values (578,51);
Insert into ILLO2.PARKOVACIE_MIESTO (ID_MIESTA,ID_ZONA) values (579,51);
Insert into ILLO2.PARKOVACIE_MIESTO (ID_MIESTA,ID_ZONA) values (580,51);
Insert into ILLO2.PARKOVACIE_MIESTO (ID_MIESTA,ID_ZONA) values (581,51);
Insert into ILLO2.PARKOVACIE_MIESTO (ID_MIESTA,ID_ZONA) values (582,51);
Insert into ILLO2.PARKOVACIE_MIESTO (ID_MIESTA,ID_ZONA) values (583,51);
Insert into ILLO2.PARKOVACIE_MIESTO (ID_MIESTA,ID_ZONA) values (584,51);
Insert into ILLO2.PARKOVACIE_MIESTO (ID_MIESTA,ID_ZONA) values (585,51);
Insert into ILLO2.PARKOVACIE_MIESTO (ID_MIESTA,ID_ZONA) values (586,52);
Insert into ILLO2.PARKOVACIE_MIESTO (ID_MIESTA,ID_ZONA) values (587,52);
Insert into ILLO2.PARKOVACIE_MIESTO (ID_MIESTA,ID_ZONA) values (588,52);
Insert into ILLO2.PARKOVACIE_MIESTO (ID_MIESTA,ID_ZONA) values (589,52);
Insert into ILLO2.PARKOVACIE_MIESTO (ID_MIESTA,ID_ZONA) values (590,53);
Insert into ILLO2.PARKOVACIE_MIESTO (ID_MIESTA,ID_ZONA) values (591,53);
Insert into ILLO2.PARKOVACIE_MIESTO (ID_MIESTA,ID_ZONA) values (592,53);
Insert into ILLO2.PARKOVACIE_MIESTO (ID_MIESTA,ID_ZONA) values (593,53);
Insert into ILLO2.PARKOVACIE_MIESTO (ID_MIESTA,ID_ZONA) values (594,53);
Insert into ILLO2.PARKOVACIE_MIESTO (ID_MIESTA,ID_ZONA) values (595,53);
Insert into ILLO2.PARKOVACIE_MIESTO (ID_MIESTA,ID_ZONA) values (596,53);
Insert into ILLO2.PARKOVACIE_MIESTO (ID_MIESTA,ID_ZONA) values (597,53);
Insert into ILLO2.PARKOVACIE_MIESTO (ID_MIESTA,ID_ZONA) values (598,53);
Insert into ILLO2.PARKOVACIE_MIESTO (ID_MIESTA,ID_ZONA) values (599,53);
Insert into ILLO2.PARKOVACIE_MIESTO (ID_MIESTA,ID_ZONA) values (600,53);
Insert into ILLO2.PARKOVACIE_MIESTO (ID_MIESTA,ID_ZONA) values (601,53);
Insert into ILLO2.PARKOVACIE_MIESTO (ID_MIESTA,ID_ZONA) values (602,54);
Insert into ILLO2.PARKOVACIE_MIESTO (ID_MIESTA,ID_ZONA) values (603,54);
Insert into ILLO2.PARKOVACIE_MIESTO (ID_MIESTA,ID_ZONA) values (604,54);
Insert into ILLO2.PARKOVACIE_MIESTO (ID_MIESTA,ID_ZONA) values (605,54);
Insert into ILLO2.PARKOVACIE_MIESTO (ID_MIESTA,ID_ZONA) values (606,54);
Insert into ILLO2.PARKOVACIE_MIESTO (ID_MIESTA,ID_ZONA) values (607,54);
Insert into ILLO2.PARKOVACIE_MIESTO (ID_MIESTA,ID_ZONA) values (608,54);
Insert into ILLO2.PARKOVACIE_MIESTO (ID_MIESTA,ID_ZONA) values (609,54);
Insert into ILLO2.PARKOVACIE_MIESTO (ID_MIESTA,ID_ZONA) values (610,54);
Insert into ILLO2.PARKOVACIE_MIESTO (ID_MIESTA,ID_ZONA) values (611,54);
Insert into ILLO2.PARKOVACIE_MIESTO (ID_MIESTA,ID_ZONA) values (612,54);
Insert into ILLO2.PARKOVACIE_MIESTO (ID_MIESTA,ID_ZONA) values (613,54);
Insert into ILLO2.PARKOVACIE_MIESTO (ID_MIESTA,ID_ZONA) values (614,54);
Insert into ILLO2.PARKOVACIE_MIESTO (ID_MIESTA,ID_ZONA) values (615,54);
Insert into ILLO2.PARKOVACIE_MIESTO (ID_MIESTA,ID_ZONA) values (616,54);
Insert into ILLO2.PARKOVACIE_MIESTO (ID_MIESTA,ID_ZONA) values (617,54);
Insert into ILLO2.PARKOVACIE_MIESTO (ID_MIESTA,ID_ZONA) values (618,54);
Insert into ILLO2.PARKOVACIE_MIESTO (ID_MIESTA,ID_ZONA) values (619,55);
Insert into ILLO2.PARKOVACIE_MIESTO (ID_MIESTA,ID_ZONA) values (620,55);
Insert into ILLO2.PARKOVACIE_MIESTO (ID_MIESTA,ID_ZONA) values (621,55);
Insert into ILLO2.PARKOVACIE_MIESTO (ID_MIESTA,ID_ZONA) values (622,55);
Insert into ILLO2.PARKOVACIE_MIESTO (ID_MIESTA,ID_ZONA) values (623,56);
Insert into ILLO2.PARKOVACIE_MIESTO (ID_MIESTA,ID_ZONA) values (624,56);
Insert into ILLO2.PARKOVACIE_MIESTO (ID_MIESTA,ID_ZONA) values (625,56);
Insert into ILLO2.PARKOVACIE_MIESTO (ID_MIESTA,ID_ZONA) values (626,56);
Insert into ILLO2.PARKOVACIE_MIESTO (ID_MIESTA,ID_ZONA) values (627,56);
Insert into ILLO2.PARKOVACIE_MIESTO (ID_MIESTA,ID_ZONA) values (628,57);
Insert into ILLO2.PARKOVACIE_MIESTO (ID_MIESTA,ID_ZONA) values (629,57);
Insert into ILLO2.PARKOVACIE_MIESTO (ID_MIESTA,ID_ZONA) values (630,57);
Insert into ILLO2.PARKOVACIE_MIESTO (ID_MIESTA,ID_ZONA) values (631,57);
Insert into ILLO2.PARKOVACIE_MIESTO (ID_MIESTA,ID_ZONA) values (632,57);
Insert into ILLO2.PARKOVACIE_MIESTO (ID_MIESTA,ID_ZONA) values (633,57);
Insert into ILLO2.PARKOVACIE_MIESTO (ID_MIESTA,ID_ZONA) values (634,58);
Insert into ILLO2.PARKOVACIE_MIESTO (ID_MIESTA,ID_ZONA) values (635,58);
Insert into ILLO2.PARKOVACIE_MIESTO (ID_MIESTA,ID_ZONA) values (636,58);
Insert into ILLO2.PARKOVACIE_MIESTO (ID_MIESTA,ID_ZONA) values (637,58);
Insert into ILLO2.PARKOVACIE_MIESTO (ID_MIESTA,ID_ZONA) values (638,59);
Insert into ILLO2.PARKOVACIE_MIESTO (ID_MIESTA,ID_ZONA) values (639,59);
Insert into ILLO2.PARKOVACIE_MIESTO (ID_MIESTA,ID_ZONA) values (640,60);
Insert into ILLO2.PARKOVACIE_MIESTO (ID_MIESTA,ID_ZONA) values (641,60);
Insert into ILLO2.PARKOVACIE_MIESTO (ID_MIESTA,ID_ZONA) values (642,60);
Insert into ILLO2.PARKOVACIE_MIESTO (ID_MIESTA,ID_ZONA) values (643,60);
Insert into ILLO2.PARKOVACIE_MIESTO (ID_MIESTA,ID_ZONA) values (644,60);
Insert into ILLO2.PARKOVACIE_MIESTO (ID_MIESTA,ID_ZONA) values (645,61);
Insert into ILLO2.PARKOVACIE_MIESTO (ID_MIESTA,ID_ZONA) values (646,61);
Insert into ILLO2.PARKOVACIE_MIESTO (ID_MIESTA,ID_ZONA) values (647,61);
Insert into ILLO2.PARKOVACIE_MIESTO (ID_MIESTA,ID_ZONA) values (648,61);
Insert into ILLO2.PARKOVACIE_MIESTO (ID_MIESTA,ID_ZONA) values (649,62);
Insert into ILLO2.PARKOVACIE_MIESTO (ID_MIESTA,ID_ZONA) values (650,62);
Insert into ILLO2.PARKOVACIE_MIESTO (ID_MIESTA,ID_ZONA) values (651,63);
Insert into ILLO2.PARKOVACIE_MIESTO (ID_MIESTA,ID_ZONA) values (652,65);
Insert into ILLO2.PARKOVACIE_MIESTO (ID_MIESTA,ID_ZONA) values (653,65);
Insert into ILLO2.PARKOVACIE_MIESTO (ID_MIESTA,ID_ZONA) values (654,65);
Insert into ILLO2.PARKOVACIE_MIESTO (ID_MIESTA,ID_ZONA) values (655,65);
Insert into ILLO2.PARKOVACIE_MIESTO (ID_MIESTA,ID_ZONA) values (656,65);
Insert into ILLO2.PARKOVACIE_MIESTO (ID_MIESTA,ID_ZONA) values (657,65);
Insert into ILLO2.PARKOVACIE_MIESTO (ID_MIESTA,ID_ZONA) values (658,65);
Insert into ILLO2.PARKOVACIE_MIESTO (ID_MIESTA,ID_ZONA) values (659,65);
Insert into ILLO2.PARKOVACIE_MIESTO (ID_MIESTA,ID_ZONA) values (660,65);
Insert into ILLO2.PARKOVACIE_MIESTO (ID_MIESTA,ID_ZONA) values (661,65);
Insert into ILLO2.PARKOVACIE_MIESTO (ID_MIESTA,ID_ZONA) values (662,65);
Insert into ILLO2.PARKOVACIE_MIESTO (ID_MIESTA,ID_ZONA) values (663,65);
Insert into ILLO2.PARKOVACIE_MIESTO (ID_MIESTA,ID_ZONA) values (664,65);
Insert into ILLO2.PARKOVACIE_MIESTO (ID_MIESTA,ID_ZONA) values (665,65);
Insert into ILLO2.PARKOVACIE_MIESTO (ID_MIESTA,ID_ZONA) values (666,65);
Insert into ILLO2.PARKOVACIE_MIESTO (ID_MIESTA,ID_ZONA) values (667,65);
Insert into ILLO2.PARKOVACIE_MIESTO (ID_MIESTA,ID_ZONA) values (668,65);
Insert into ILLO2.PARKOVACIE_MIESTO (ID_MIESTA,ID_ZONA) values (669,65);
Insert into ILLO2.PARKOVACIE_MIESTO (ID_MIESTA,ID_ZONA) values (670,65);
Insert into ILLO2.PARKOVACIE_MIESTO (ID_MIESTA,ID_ZONA) values (671,65);
Insert into ILLO2.PARKOVACIE_MIESTO (ID_MIESTA,ID_ZONA) values (672,65);
Insert into ILLO2.PARKOVACIE_MIESTO (ID_MIESTA,ID_ZONA) values (673,65);
Insert into ILLO2.PARKOVACIE_MIESTO (ID_MIESTA,ID_ZONA) values (674,65);
Insert into ILLO2.PARKOVACIE_MIESTO (ID_MIESTA,ID_ZONA) values (675,65);
Insert into ILLO2.PARKOVACIE_MIESTO (ID_MIESTA,ID_ZONA) values (676,65);
Insert into ILLO2.PARKOVACIE_MIESTO (ID_MIESTA,ID_ZONA) values (677,65);
Insert into ILLO2.PARKOVACIE_MIESTO (ID_MIESTA,ID_ZONA) values (678,65);
Insert into ILLO2.PARKOVACIE_MIESTO (ID_MIESTA,ID_ZONA) values (679,65);
Insert into ILLO2.PARKOVACIE_MIESTO (ID_MIESTA,ID_ZONA) values (680,65);
Insert into ILLO2.PARKOVACIE_MIESTO (ID_MIESTA,ID_ZONA) values (681,65);
Insert into ILLO2.PARKOVACIE_MIESTO (ID_MIESTA,ID_ZONA) values (682,65);
Insert into ILLO2.PARKOVACIE_MIESTO (ID_MIESTA,ID_ZONA) values (683,65);
Insert into ILLO2.PARKOVACIE_MIESTO (ID_MIESTA,ID_ZONA) values (684,65);
Insert into ILLO2.PARKOVACIE_MIESTO (ID_MIESTA,ID_ZONA) values (685,65);
Insert into ILLO2.PARKOVACIE_MIESTO (ID_MIESTA,ID_ZONA) values (686,65);
Insert into ILLO2.PARKOVACIE_MIESTO (ID_MIESTA,ID_ZONA) values (687,65);
Insert into ILLO2.PARKOVACIE_MIESTO (ID_MIESTA,ID_ZONA) values (688,65);
Insert into ILLO2.PARKOVACIE_MIESTO (ID_MIESTA,ID_ZONA) values (689,65);
Insert into ILLO2.PARKOVACIE_MIESTO (ID_MIESTA,ID_ZONA) values (690,65);
Insert into ILLO2.PARKOVACIE_MIESTO (ID_MIESTA,ID_ZONA) values (691,65);
Insert into ILLO2.PARKOVACIE_MIESTO (ID_MIESTA,ID_ZONA) values (692,65);
Insert into ILLO2.PARKOVACIE_MIESTO (ID_MIESTA,ID_ZONA) values (693,65);
Insert into ILLO2.PARKOVACIE_MIESTO (ID_MIESTA,ID_ZONA) values (694,65);
Insert into ILLO2.PARKOVACIE_MIESTO (ID_MIESTA,ID_ZONA) values (695,65);
Insert into ILLO2.PARKOVACIE_MIESTO (ID_MIESTA,ID_ZONA) values (696,65);
Insert into ILLO2.PARKOVACIE_MIESTO (ID_MIESTA,ID_ZONA) values (697,65);
Insert into ILLO2.PARKOVACIE_MIESTO (ID_MIESTA,ID_ZONA) values (698,65);
Insert into ILLO2.PARKOVACIE_MIESTO (ID_MIESTA,ID_ZONA) values (699,65);
Insert into ILLO2.PARKOVACIE_MIESTO (ID_MIESTA,ID_ZONA) values (700,65);
Insert into ILLO2.PARKOVACIE_MIESTO (ID_MIESTA,ID_ZONA) values (701,65);
Insert into ILLO2.PARKOVACIE_MIESTO (ID_MIESTA,ID_ZONA) values (702,65);
Insert into ILLO2.PARKOVACIE_MIESTO (ID_MIESTA,ID_ZONA) values (703,65);
Insert into ILLO2.PARKOVACIE_MIESTO (ID_MIESTA,ID_ZONA) values (704,65);
Insert into ILLO2.PARKOVACIE_MIESTO (ID_MIESTA,ID_ZONA) values (705,65);
Insert into ILLO2.PARKOVACIE_MIESTO (ID_MIESTA,ID_ZONA) values (706,65);
Insert into ILLO2.PARKOVACIE_MIESTO (ID_MIESTA,ID_ZONA) values (707,65);
Insert into ILLO2.PARKOVACIE_MIESTO (ID_MIESTA,ID_ZONA) values (708,65);
Insert into ILLO2.PARKOVACIE_MIESTO (ID_MIESTA,ID_ZONA) values (709,65);
Insert into ILLO2.PARKOVACIE_MIESTO (ID_MIESTA,ID_ZONA) values (710,65);
Insert into ILLO2.PARKOVACIE_MIESTO (ID_MIESTA,ID_ZONA) values (711,65);
Insert into ILLO2.PARKOVACIE_MIESTO (ID_MIESTA,ID_ZONA) values (712,65);
Insert into ILLO2.PARKOVACIE_MIESTO (ID_MIESTA,ID_ZONA) values (713,65);
Insert into ILLO2.PARKOVACIE_MIESTO (ID_MIESTA,ID_ZONA) values (714,65);
Insert into ILLO2.PARKOVACIE_MIESTO (ID_MIESTA,ID_ZONA) values (715,65);
Insert into ILLO2.PARKOVACIE_MIESTO (ID_MIESTA,ID_ZONA) values (716,65);
Insert into ILLO2.PARKOVACIE_MIESTO (ID_MIESTA,ID_ZONA) values (717,65);
Insert into ILLO2.PARKOVACIE_MIESTO (ID_MIESTA,ID_ZONA) values (718,65);
Insert into ILLO2.PARKOVACIE_MIESTO (ID_MIESTA,ID_ZONA) values (719,65);
Insert into ILLO2.PARKOVACIE_MIESTO (ID_MIESTA,ID_ZONA) values (720,65);
Insert into ILLO2.PARKOVACIE_MIESTO (ID_MIESTA,ID_ZONA) values (721,65);
Insert into ILLO2.PARKOVACIE_MIESTO (ID_MIESTA,ID_ZONA) values (722,65);
Insert into ILLO2.PARKOVACIE_MIESTO (ID_MIESTA,ID_ZONA) values (723,65);
Insert into ILLO2.PARKOVACIE_MIESTO (ID_MIESTA,ID_ZONA) values (724,65);
Insert into ILLO2.PARKOVACIE_MIESTO (ID_MIESTA,ID_ZONA) values (725,65);
Insert into ILLO2.PARKOVACIE_MIESTO (ID_MIESTA,ID_ZONA) values (726,65);
Insert into ILLO2.PARKOVACIE_MIESTO (ID_MIESTA,ID_ZONA) values (727,65);
Insert into ILLO2.PARKOVACIE_MIESTO (ID_MIESTA,ID_ZONA) values (728,65);
Insert into ILLO2.PARKOVACIE_MIESTO (ID_MIESTA,ID_ZONA) values (729,65);
Insert into ILLO2.PARKOVACIE_MIESTO (ID_MIESTA,ID_ZONA) values (730,65);
Insert into ILLO2.PARKOVACIE_MIESTO (ID_MIESTA,ID_ZONA) values (731,65);
Insert into ILLO2.PARKOVACIE_MIESTO (ID_MIESTA,ID_ZONA) values (732,65);
Insert into ILLO2.PARKOVACIE_MIESTO (ID_MIESTA,ID_ZONA) values (733,65);
Insert into ILLO2.PARKOVACIE_MIESTO (ID_MIESTA,ID_ZONA) values (734,65);
Insert into ILLO2.PARKOVACIE_MIESTO (ID_MIESTA,ID_ZONA) values (735,65);
Insert into ILLO2.PARKOVACIE_MIESTO (ID_MIESTA,ID_ZONA) values (736,64);
Insert into ILLO2.PARKOVACIE_MIESTO (ID_MIESTA,ID_ZONA) values (737,64);
Insert into ILLO2.PARKOVACIE_MIESTO (ID_MIESTA,ID_ZONA) values (738,66);
Insert into ILLO2.PARKOVACIE_MIESTO (ID_MIESTA,ID_ZONA) values (739,66);
Insert into ILLO2.PARKOVACIE_MIESTO (ID_MIESTA,ID_ZONA) values (1,1);
Insert into ILLO2.PARKOVACIE_MIESTO (ID_MIESTA,ID_ZONA) values (2,1);
Insert into ILLO2.PARKOVACIE_MIESTO (ID_MIESTA,ID_ZONA) values (3,1);
Insert into ILLO2.PARKOVACIE_MIESTO (ID_MIESTA,ID_ZONA) values (4,1);
Insert into ILLO2.PARKOVACIE_MIESTO (ID_MIESTA,ID_ZONA) values (5,1);
Insert into ILLO2.PARKOVACIE_MIESTO (ID_MIESTA,ID_ZONA) values (6,1);
Insert into ILLO2.PARKOVACIE_MIESTO (ID_MIESTA,ID_ZONA) values (7,1);
Insert into ILLO2.PARKOVACIE_MIESTO (ID_MIESTA,ID_ZONA) values (8,1);
Insert into ILLO2.PARKOVACIE_MIESTO (ID_MIESTA,ID_ZONA) values (9,1);
Insert into ILLO2.PARKOVACIE_MIESTO (ID_MIESTA,ID_ZONA) values (10,1);
Insert into ILLO2.PARKOVACIE_MIESTO (ID_MIESTA,ID_ZONA) values (11,2);
Insert into ILLO2.PARKOVACIE_MIESTO (ID_MIESTA,ID_ZONA) values (12,2);
Insert into ILLO2.PARKOVACIE_MIESTO (ID_MIESTA,ID_ZONA) values (13,2);
Insert into ILLO2.PARKOVACIE_MIESTO (ID_MIESTA,ID_ZONA) values (14,2);
Insert into ILLO2.PARKOVACIE_MIESTO (ID_MIESTA,ID_ZONA) values (15,3);
Insert into ILLO2.PARKOVACIE_MIESTO (ID_MIESTA,ID_ZONA) values (16,3);
Insert into ILLO2.PARKOVACIE_MIESTO (ID_MIESTA,ID_ZONA) values (17,4);
Insert into ILLO2.PARKOVACIE_MIESTO (ID_MIESTA,ID_ZONA) values (18,4);
Insert into ILLO2.PARKOVACIE_MIESTO (ID_MIESTA,ID_ZONA) values (19,5);
Insert into ILLO2.PARKOVACIE_MIESTO (ID_MIESTA,ID_ZONA) values (20,5);
REM INSERTING into ILLO2.PLATBA
SET DEFINE OFF;
Insert into ILLO2.PLATBA (ID_HISTORIA,DATUM,CENA) values (2,to_date('02-JAN-14','DD-MON-RR'),10);
Insert into ILLO2.PLATBA (ID_HISTORIA,DATUM,CENA) values (3,to_date('03-JAN-14','DD-MON-RR'),18);
Insert into ILLO2.PLATBA (ID_HISTORIA,DATUM,CENA) values (4,to_date('04-JAN-14','DD-MON-RR'),20);
Insert into ILLO2.PLATBA (ID_HISTORIA,DATUM,CENA) values (5,to_date('05-JAN-14','DD-MON-RR'),17);
Insert into ILLO2.PLATBA (ID_HISTORIA,DATUM,CENA) values (6,to_date('06-JAN-14','DD-MON-RR'),11);
Insert into ILLO2.PLATBA (ID_HISTORIA,DATUM,CENA) values (7,to_date('07-JAN-14','DD-MON-RR'),10);
Insert into ILLO2.PLATBA (ID_HISTORIA,DATUM,CENA) values (8,to_date('08-JAN-14','DD-MON-RR'),19);
Insert into ILLO2.PLATBA (ID_HISTORIA,DATUM,CENA) values (9,to_date('09-JAN-14','DD-MON-RR'),10);
Insert into ILLO2.PLATBA (ID_HISTORIA,DATUM,CENA) values (10,to_date('10-JAN-14','DD-MON-RR'),20);
Insert into ILLO2.PLATBA (ID_HISTORIA,DATUM,CENA) values (11,to_date('11-JAN-14','DD-MON-RR'),13);
Insert into ILLO2.PLATBA (ID_HISTORIA,DATUM,CENA) values (12,to_date('12-JAN-14','DD-MON-RR'),14);
Insert into ILLO2.PLATBA (ID_HISTORIA,DATUM,CENA) values (13,to_date('13-JAN-14','DD-MON-RR'),10);
Insert into ILLO2.PLATBA (ID_HISTORIA,DATUM,CENA) values (14,to_date('14-JAN-14','DD-MON-RR'),15);
Insert into ILLO2.PLATBA (ID_HISTORIA,DATUM,CENA) values (15,to_date('15-JAN-14','DD-MON-RR'),13);
Insert into ILLO2.PLATBA (ID_HISTORIA,DATUM,CENA) values (16,to_date('16-JAN-14','DD-MON-RR'),10);
Insert into ILLO2.PLATBA (ID_HISTORIA,DATUM,CENA) values (17,to_date('17-JAN-14','DD-MON-RR'),10);
Insert into ILLO2.PLATBA (ID_HISTORIA,DATUM,CENA) values (18,to_date('18-JAN-14','DD-MON-RR'),20);
Insert into ILLO2.PLATBA (ID_HISTORIA,DATUM,CENA) values (19,to_date('19-JAN-14','DD-MON-RR'),20);
Insert into ILLO2.PLATBA (ID_HISTORIA,DATUM,CENA) values (20,to_date('20-JAN-14','DD-MON-RR'),12);
Insert into ILLO2.PLATBA (ID_HISTORIA,DATUM,CENA) values (21,to_date('21-JAN-14','DD-MON-RR'),17);
Insert into ILLO2.PLATBA (ID_HISTORIA,DATUM,CENA) values (22,to_date('22-JAN-14','DD-MON-RR'),18);
Insert into ILLO2.PLATBA (ID_HISTORIA,DATUM,CENA) values (23,to_date('23-JAN-14','DD-MON-RR'),10);
Insert into ILLO2.PLATBA (ID_HISTORIA,DATUM,CENA) values (24,to_date('24-JAN-14','DD-MON-RR'),13);
Insert into ILLO2.PLATBA (ID_HISTORIA,DATUM,CENA) values (25,to_date('25-JAN-14','DD-MON-RR'),18);
Insert into ILLO2.PLATBA (ID_HISTORIA,DATUM,CENA) values (26,to_date('26-JAN-14','DD-MON-RR'),17);
Insert into ILLO2.PLATBA (ID_HISTORIA,DATUM,CENA) values (27,to_date('27-JAN-14','DD-MON-RR'),19);
Insert into ILLO2.PLATBA (ID_HISTORIA,DATUM,CENA) values (28,to_date('28-JAN-14','DD-MON-RR'),20);
Insert into ILLO2.PLATBA (ID_HISTORIA,DATUM,CENA) values (29,to_date('29-JAN-14','DD-MON-RR'),20);
Insert into ILLO2.PLATBA (ID_HISTORIA,DATUM,CENA) values (30,to_date('30-JAN-14','DD-MON-RR'),19);
Insert into ILLO2.PLATBA (ID_HISTORIA,DATUM,CENA) values (31,to_date('31-JAN-14','DD-MON-RR'),10);
Insert into ILLO2.PLATBA (ID_HISTORIA,DATUM,CENA) values (32,to_date('01-FEB-14','DD-MON-RR'),14);
Insert into ILLO2.PLATBA (ID_HISTORIA,DATUM,CENA) values (33,to_date('02-FEB-14','DD-MON-RR'),19);
Insert into ILLO2.PLATBA (ID_HISTORIA,DATUM,CENA) values (34,to_date('03-FEB-14','DD-MON-RR'),17);
Insert into ILLO2.PLATBA (ID_HISTORIA,DATUM,CENA) values (35,to_date('04-FEB-14','DD-MON-RR'),14);
Insert into ILLO2.PLATBA (ID_HISTORIA,DATUM,CENA) values (36,to_date('05-FEB-14','DD-MON-RR'),20);
Insert into ILLO2.PLATBA (ID_HISTORIA,DATUM,CENA) values (37,to_date('06-FEB-14','DD-MON-RR'),16);
Insert into ILLO2.PLATBA (ID_HISTORIA,DATUM,CENA) values (38,to_date('07-FEB-14','DD-MON-RR'),18);
Insert into ILLO2.PLATBA (ID_HISTORIA,DATUM,CENA) values (39,to_date('08-FEB-14','DD-MON-RR'),19);
Insert into ILLO2.PLATBA (ID_HISTORIA,DATUM,CENA) values (40,to_date('09-FEB-14','DD-MON-RR'),11);
Insert into ILLO2.PLATBA (ID_HISTORIA,DATUM,CENA) values (41,to_date('10-FEB-14','DD-MON-RR'),14);
Insert into ILLO2.PLATBA (ID_HISTORIA,DATUM,CENA) values (42,to_date('11-FEB-14','DD-MON-RR'),12);
Insert into ILLO2.PLATBA (ID_HISTORIA,DATUM,CENA) values (43,to_date('12-FEB-14','DD-MON-RR'),10);
Insert into ILLO2.PLATBA (ID_HISTORIA,DATUM,CENA) values (44,to_date('13-FEB-14','DD-MON-RR'),14);
Insert into ILLO2.PLATBA (ID_HISTORIA,DATUM,CENA) values (45,to_date('14-FEB-14','DD-MON-RR'),13);
Insert into ILLO2.PLATBA (ID_HISTORIA,DATUM,CENA) values (46,to_date('15-FEB-14','DD-MON-RR'),13);
Insert into ILLO2.PLATBA (ID_HISTORIA,DATUM,CENA) values (47,to_date('16-FEB-14','DD-MON-RR'),18);
Insert into ILLO2.PLATBA (ID_HISTORIA,DATUM,CENA) values (48,to_date('17-FEB-14','DD-MON-RR'),12);
Insert into ILLO2.PLATBA (ID_HISTORIA,DATUM,CENA) values (49,to_date('18-FEB-14','DD-MON-RR'),20);
Insert into ILLO2.PLATBA (ID_HISTORIA,DATUM,CENA) values (50,to_date('19-FEB-14','DD-MON-RR'),19);
Insert into ILLO2.PLATBA (ID_HISTORIA,DATUM,CENA) values (51,to_date('20-FEB-14','DD-MON-RR'),17);
Insert into ILLO2.PLATBA (ID_HISTORIA,DATUM,CENA) values (52,to_date('21-FEB-14','DD-MON-RR'),12);
Insert into ILLO2.PLATBA (ID_HISTORIA,DATUM,CENA) values (53,to_date('22-FEB-14','DD-MON-RR'),12);
Insert into ILLO2.PLATBA (ID_HISTORIA,DATUM,CENA) values (54,to_date('23-FEB-14','DD-MON-RR'),20);
Insert into ILLO2.PLATBA (ID_HISTORIA,DATUM,CENA) values (55,to_date('24-FEB-14','DD-MON-RR'),16);
Insert into ILLO2.PLATBA (ID_HISTORIA,DATUM,CENA) values (56,to_date('25-FEB-14','DD-MON-RR'),13);
Insert into ILLO2.PLATBA (ID_HISTORIA,DATUM,CENA) values (57,to_date('26-FEB-14','DD-MON-RR'),19);
Insert into ILLO2.PLATBA (ID_HISTORIA,DATUM,CENA) values (58,to_date('27-FEB-14','DD-MON-RR'),19);
Insert into ILLO2.PLATBA (ID_HISTORIA,DATUM,CENA) values (59,to_date('28-FEB-14','DD-MON-RR'),18);
Insert into ILLO2.PLATBA (ID_HISTORIA,DATUM,CENA) values (60,to_date('01-MAR-14','DD-MON-RR'),11);
Insert into ILLO2.PLATBA (ID_HISTORIA,DATUM,CENA) values (61,to_date('02-MAR-14','DD-MON-RR'),10);
Insert into ILLO2.PLATBA (ID_HISTORIA,DATUM,CENA) values (62,to_date('03-MAR-14','DD-MON-RR'),14);
Insert into ILLO2.PLATBA (ID_HISTORIA,DATUM,CENA) values (63,to_date('04-MAR-14','DD-MON-RR'),15);
Insert into ILLO2.PLATBA (ID_HISTORIA,DATUM,CENA) values (64,to_date('05-MAR-14','DD-MON-RR'),17);
Insert into ILLO2.PLATBA (ID_HISTORIA,DATUM,CENA) values (65,to_date('06-MAR-14','DD-MON-RR'),15);
Insert into ILLO2.PLATBA (ID_HISTORIA,DATUM,CENA) values (66,to_date('07-MAR-14','DD-MON-RR'),11);
Insert into ILLO2.PLATBA (ID_HISTORIA,DATUM,CENA) values (67,to_date('08-MAR-14','DD-MON-RR'),19);
Insert into ILLO2.PLATBA (ID_HISTORIA,DATUM,CENA) values (68,to_date('09-MAR-14','DD-MON-RR'),16);
Insert into ILLO2.PLATBA (ID_HISTORIA,DATUM,CENA) values (69,to_date('10-MAR-14','DD-MON-RR'),12);
Insert into ILLO2.PLATBA (ID_HISTORIA,DATUM,CENA) values (70,to_date('11-MAR-14','DD-MON-RR'),19);
Insert into ILLO2.PLATBA (ID_HISTORIA,DATUM,CENA) values (71,to_date('12-MAR-14','DD-MON-RR'),17);
Insert into ILLO2.PLATBA (ID_HISTORIA,DATUM,CENA) values (72,to_date('13-MAR-14','DD-MON-RR'),13);
Insert into ILLO2.PLATBA (ID_HISTORIA,DATUM,CENA) values (73,to_date('14-MAR-14','DD-MON-RR'),12);
Insert into ILLO2.PLATBA (ID_HISTORIA,DATUM,CENA) values (74,to_date('15-MAR-14','DD-MON-RR'),16);
Insert into ILLO2.PLATBA (ID_HISTORIA,DATUM,CENA) values (75,to_date('16-MAR-14','DD-MON-RR'),18);
Insert into ILLO2.PLATBA (ID_HISTORIA,DATUM,CENA) values (76,to_date('17-MAR-14','DD-MON-RR'),12);
Insert into ILLO2.PLATBA (ID_HISTORIA,DATUM,CENA) values (77,to_date('18-MAR-14','DD-MON-RR'),11);
Insert into ILLO2.PLATBA (ID_HISTORIA,DATUM,CENA) values (78,to_date('19-MAR-14','DD-MON-RR'),12);
Insert into ILLO2.PLATBA (ID_HISTORIA,DATUM,CENA) values (79,to_date('20-MAR-14','DD-MON-RR'),15);
Insert into ILLO2.PLATBA (ID_HISTORIA,DATUM,CENA) values (80,to_date('21-MAR-14','DD-MON-RR'),18);
Insert into ILLO2.PLATBA (ID_HISTORIA,DATUM,CENA) values (81,to_date('22-MAR-14','DD-MON-RR'),15);
Insert into ILLO2.PLATBA (ID_HISTORIA,DATUM,CENA) values (82,to_date('23-MAR-14','DD-MON-RR'),17);
Insert into ILLO2.PLATBA (ID_HISTORIA,DATUM,CENA) values (83,to_date('24-MAR-14','DD-MON-RR'),13);
Insert into ILLO2.PLATBA (ID_HISTORIA,DATUM,CENA) values (84,to_date('25-MAR-14','DD-MON-RR'),11);
Insert into ILLO2.PLATBA (ID_HISTORIA,DATUM,CENA) values (85,to_date('26-MAR-14','DD-MON-RR'),11);
Insert into ILLO2.PLATBA (ID_HISTORIA,DATUM,CENA) values (86,to_date('27-MAR-14','DD-MON-RR'),10);
Insert into ILLO2.PLATBA (ID_HISTORIA,DATUM,CENA) values (87,to_date('28-MAR-14','DD-MON-RR'),18);
Insert into ILLO2.PLATBA (ID_HISTORIA,DATUM,CENA) values (88,to_date('29-MAR-14','DD-MON-RR'),11);
Insert into ILLO2.PLATBA (ID_HISTORIA,DATUM,CENA) values (89,to_date('30-MAR-14','DD-MON-RR'),12);
Insert into ILLO2.PLATBA (ID_HISTORIA,DATUM,CENA) values (90,to_date('31-MAR-14','DD-MON-RR'),19);
Insert into ILLO2.PLATBA (ID_HISTORIA,DATUM,CENA) values (91,to_date('01-APR-14','DD-MON-RR'),20);
Insert into ILLO2.PLATBA (ID_HISTORIA,DATUM,CENA) values (92,to_date('02-APR-14','DD-MON-RR'),18);
Insert into ILLO2.PLATBA (ID_HISTORIA,DATUM,CENA) values (93,to_date('03-APR-14','DD-MON-RR'),15);
Insert into ILLO2.PLATBA (ID_HISTORIA,DATUM,CENA) values (94,to_date('04-APR-14','DD-MON-RR'),11);
Insert into ILLO2.PLATBA (ID_HISTORIA,DATUM,CENA) values (95,to_date('05-APR-14','DD-MON-RR'),17);
Insert into ILLO2.PLATBA (ID_HISTORIA,DATUM,CENA) values (96,to_date('06-APR-14','DD-MON-RR'),10);
Insert into ILLO2.PLATBA (ID_HISTORIA,DATUM,CENA) values (97,to_date('07-APR-14','DD-MON-RR'),18);
Insert into ILLO2.PLATBA (ID_HISTORIA,DATUM,CENA) values (98,to_date('08-APR-14','DD-MON-RR'),19);
Insert into ILLO2.PLATBA (ID_HISTORIA,DATUM,CENA) values (99,to_date('09-APR-14','DD-MON-RR'),20);
Insert into ILLO2.PLATBA (ID_HISTORIA,DATUM,CENA) values (100,to_date('10-APR-14','DD-MON-RR'),15);
Insert into ILLO2.PLATBA (ID_HISTORIA,DATUM,CENA) values (101,to_date('11-APR-14','DD-MON-RR'),20);
Insert into ILLO2.PLATBA (ID_HISTORIA,DATUM,CENA) values (102,to_date('12-APR-14','DD-MON-RR'),20);
Insert into ILLO2.PLATBA (ID_HISTORIA,DATUM,CENA) values (103,to_date('13-APR-14','DD-MON-RR'),20);
Insert into ILLO2.PLATBA (ID_HISTORIA,DATUM,CENA) values (104,to_date('14-APR-14','DD-MON-RR'),10);
Insert into ILLO2.PLATBA (ID_HISTORIA,DATUM,CENA) values (105,to_date('15-APR-14','DD-MON-RR'),13);
Insert into ILLO2.PLATBA (ID_HISTORIA,DATUM,CENA) values (106,to_date('16-APR-14','DD-MON-RR'),20);
Insert into ILLO2.PLATBA (ID_HISTORIA,DATUM,CENA) values (107,to_date('17-APR-14','DD-MON-RR'),10);
Insert into ILLO2.PLATBA (ID_HISTORIA,DATUM,CENA) values (108,to_date('18-APR-14','DD-MON-RR'),20);
Insert into ILLO2.PLATBA (ID_HISTORIA,DATUM,CENA) values (109,to_date('19-APR-14','DD-MON-RR'),16);
Insert into ILLO2.PLATBA (ID_HISTORIA,DATUM,CENA) values (110,to_date('20-APR-14','DD-MON-RR'),12);
Insert into ILLO2.PLATBA (ID_HISTORIA,DATUM,CENA) values (111,to_date('21-APR-14','DD-MON-RR'),18);
Insert into ILLO2.PLATBA (ID_HISTORIA,DATUM,CENA) values (112,to_date('22-APR-14','DD-MON-RR'),14);
Insert into ILLO2.PLATBA (ID_HISTORIA,DATUM,CENA) values (113,to_date('23-APR-14','DD-MON-RR'),14);
Insert into ILLO2.PLATBA (ID_HISTORIA,DATUM,CENA) values (114,to_date('24-APR-14','DD-MON-RR'),16);
Insert into ILLO2.PLATBA (ID_HISTORIA,DATUM,CENA) values (115,to_date('25-APR-14','DD-MON-RR'),19);
Insert into ILLO2.PLATBA (ID_HISTORIA,DATUM,CENA) values (116,to_date('26-APR-14','DD-MON-RR'),11);
Insert into ILLO2.PLATBA (ID_HISTORIA,DATUM,CENA) values (117,to_date('27-APR-14','DD-MON-RR'),19);
Insert into ILLO2.PLATBA (ID_HISTORIA,DATUM,CENA) values (118,to_date('28-APR-14','DD-MON-RR'),16);
Insert into ILLO2.PLATBA (ID_HISTORIA,DATUM,CENA) values (119,to_date('29-APR-14','DD-MON-RR'),15);
Insert into ILLO2.PLATBA (ID_HISTORIA,DATUM,CENA) values (120,to_date('30-APR-14','DD-MON-RR'),16);
Insert into ILLO2.PLATBA (ID_HISTORIA,DATUM,CENA) values (121,to_date('01-MAY-14','DD-MON-RR'),19);
Insert into ILLO2.PLATBA (ID_HISTORIA,DATUM,CENA) values (122,to_date('02-MAY-14','DD-MON-RR'),11);
Insert into ILLO2.PLATBA (ID_HISTORIA,DATUM,CENA) values (123,to_date('03-MAY-14','DD-MON-RR'),12);
Insert into ILLO2.PLATBA (ID_HISTORIA,DATUM,CENA) values (124,to_date('04-MAY-14','DD-MON-RR'),19);
Insert into ILLO2.PLATBA (ID_HISTORIA,DATUM,CENA) values (125,to_date('05-MAY-14','DD-MON-RR'),17);
Insert into ILLO2.PLATBA (ID_HISTORIA,DATUM,CENA) values (126,to_date('06-MAY-14','DD-MON-RR'),10);
Insert into ILLO2.PLATBA (ID_HISTORIA,DATUM,CENA) values (127,to_date('07-MAY-14','DD-MON-RR'),15);
Insert into ILLO2.PLATBA (ID_HISTORIA,DATUM,CENA) values (128,to_date('08-MAY-14','DD-MON-RR'),17);
Insert into ILLO2.PLATBA (ID_HISTORIA,DATUM,CENA) values (129,to_date('09-MAY-14','DD-MON-RR'),18);
Insert into ILLO2.PLATBA (ID_HISTORIA,DATUM,CENA) values (130,to_date('10-MAY-14','DD-MON-RR'),20);
Insert into ILLO2.PLATBA (ID_HISTORIA,DATUM,CENA) values (131,to_date('11-MAY-14','DD-MON-RR'),10);
Insert into ILLO2.PLATBA (ID_HISTORIA,DATUM,CENA) values (132,to_date('12-MAY-14','DD-MON-RR'),14);
Insert into ILLO2.PLATBA (ID_HISTORIA,DATUM,CENA) values (133,to_date('13-MAY-14','DD-MON-RR'),11);
Insert into ILLO2.PLATBA (ID_HISTORIA,DATUM,CENA) values (134,to_date('14-MAY-14','DD-MON-RR'),19);
Insert into ILLO2.PLATBA (ID_HISTORIA,DATUM,CENA) values (135,to_date('15-MAY-14','DD-MON-RR'),16);
Insert into ILLO2.PLATBA (ID_HISTORIA,DATUM,CENA) values (136,to_date('16-MAY-14','DD-MON-RR'),18);
Insert into ILLO2.PLATBA (ID_HISTORIA,DATUM,CENA) values (137,to_date('06-JUN-15','DD-MON-RR'),10);
Insert into ILLO2.PLATBA (ID_HISTORIA,DATUM,CENA) values (138,to_date('07-JUN-15','DD-MON-RR'),16);
Insert into ILLO2.PLATBA (ID_HISTORIA,DATUM,CENA) values (139,to_date('08-JUN-15','DD-MON-RR'),11);
Insert into ILLO2.PLATBA (ID_HISTORIA,DATUM,CENA) values (140,to_date('09-JUN-15','DD-MON-RR'),10);
Insert into ILLO2.PLATBA (ID_HISTORIA,DATUM,CENA) values (141,to_date('10-JUN-15','DD-MON-RR'),18);
Insert into ILLO2.PLATBA (ID_HISTORIA,DATUM,CENA) values (142,to_date('11-JUN-15','DD-MON-RR'),20);
Insert into ILLO2.PLATBA (ID_HISTORIA,DATUM,CENA) values (143,to_date('12-JUN-15','DD-MON-RR'),11);
Insert into ILLO2.PLATBA (ID_HISTORIA,DATUM,CENA) values (144,to_date('13-JUN-15','DD-MON-RR'),16);
Insert into ILLO2.PLATBA (ID_HISTORIA,DATUM,CENA) values (145,to_date('14-JUN-15','DD-MON-RR'),17);
Insert into ILLO2.PLATBA (ID_HISTORIA,DATUM,CENA) values (146,to_date('15-JUN-15','DD-MON-RR'),16);
Insert into ILLO2.PLATBA (ID_HISTORIA,DATUM,CENA) values (147,to_date('16-JUN-15','DD-MON-RR'),13);
Insert into ILLO2.PLATBA (ID_HISTORIA,DATUM,CENA) values (148,to_date('17-JUN-15','DD-MON-RR'),14);
Insert into ILLO2.PLATBA (ID_HISTORIA,DATUM,CENA) values (149,to_date('18-JUN-15','DD-MON-RR'),16);
Insert into ILLO2.PLATBA (ID_HISTORIA,DATUM,CENA) values (150,to_date('19-JUN-15','DD-MON-RR'),15);
Insert into ILLO2.PLATBA (ID_HISTORIA,DATUM,CENA) values (151,to_date('20-JUN-15','DD-MON-RR'),16);
Insert into ILLO2.PLATBA (ID_HISTORIA,DATUM,CENA) values (152,to_date('21-JUN-15','DD-MON-RR'),20);
Insert into ILLO2.PLATBA (ID_HISTORIA,DATUM,CENA) values (153,to_date('22-JUN-15','DD-MON-RR'),17);
Insert into ILLO2.PLATBA (ID_HISTORIA,DATUM,CENA) values (154,to_date('23-JUN-15','DD-MON-RR'),10);
Insert into ILLO2.PLATBA (ID_HISTORIA,DATUM,CENA) values (155,to_date('24-JUN-15','DD-MON-RR'),18);
Insert into ILLO2.PLATBA (ID_HISTORIA,DATUM,CENA) values (156,to_date('25-JUN-15','DD-MON-RR'),18);
Insert into ILLO2.PLATBA (ID_HISTORIA,DATUM,CENA) values (157,to_date('26-JUN-15','DD-MON-RR'),12);
Insert into ILLO2.PLATBA (ID_HISTORIA,DATUM,CENA) values (158,to_date('27-JUN-15','DD-MON-RR'),15);
Insert into ILLO2.PLATBA (ID_HISTORIA,DATUM,CENA) values (159,to_date('28-JUN-15','DD-MON-RR'),14);
Insert into ILLO2.PLATBA (ID_HISTORIA,DATUM,CENA) values (160,to_date('29-JUN-15','DD-MON-RR'),17);
Insert into ILLO2.PLATBA (ID_HISTORIA,DATUM,CENA) values (161,to_date('30-JUN-15','DD-MON-RR'),20);
Insert into ILLO2.PLATBA (ID_HISTORIA,DATUM,CENA) values (162,to_date('01-JUL-15','DD-MON-RR'),19);
Insert into ILLO2.PLATBA (ID_HISTORIA,DATUM,CENA) values (163,to_date('02-JUL-15','DD-MON-RR'),17);
Insert into ILLO2.PLATBA (ID_HISTORIA,DATUM,CENA) values (164,to_date('03-JUL-15','DD-MON-RR'),11);
Insert into ILLO2.PLATBA (ID_HISTORIA,DATUM,CENA) values (165,to_date('04-JUL-15','DD-MON-RR'),19);
Insert into ILLO2.PLATBA (ID_HISTORIA,DATUM,CENA) values (166,to_date('05-JUL-15','DD-MON-RR'),11);
Insert into ILLO2.PLATBA (ID_HISTORIA,DATUM,CENA) values (167,to_date('06-JUL-15','DD-MON-RR'),15);
Insert into ILLO2.PLATBA (ID_HISTORIA,DATUM,CENA) values (168,to_date('07-JUL-15','DD-MON-RR'),10);
Insert into ILLO2.PLATBA (ID_HISTORIA,DATUM,CENA) values (169,to_date('08-JUL-15','DD-MON-RR'),13);
Insert into ILLO2.PLATBA (ID_HISTORIA,DATUM,CENA) values (170,to_date('09-JUL-15','DD-MON-RR'),10);
Insert into ILLO2.PLATBA (ID_HISTORIA,DATUM,CENA) values (171,to_date('10-JUL-15','DD-MON-RR'),18);
Insert into ILLO2.PLATBA (ID_HISTORIA,DATUM,CENA) values (172,to_date('11-JUL-15','DD-MON-RR'),16);
Insert into ILLO2.PLATBA (ID_HISTORIA,DATUM,CENA) values (173,to_date('12-JUL-15','DD-MON-RR'),11);
Insert into ILLO2.PLATBA (ID_HISTORIA,DATUM,CENA) values (174,to_date('13-JUL-15','DD-MON-RR'),12);
Insert into ILLO2.PLATBA (ID_HISTORIA,DATUM,CENA) values (175,to_date('14-JUL-15','DD-MON-RR'),17);
Insert into ILLO2.PLATBA (ID_HISTORIA,DATUM,CENA) values (176,to_date('15-JUL-15','DD-MON-RR'),13);
Insert into ILLO2.PLATBA (ID_HISTORIA,DATUM,CENA) values (177,to_date('08-AUG-16','DD-MON-RR'),11);
Insert into ILLO2.PLATBA (ID_HISTORIA,DATUM,CENA) values (178,to_date('09-AUG-16','DD-MON-RR'),12);
Insert into ILLO2.PLATBA (ID_HISTORIA,DATUM,CENA) values (179,to_date('10-AUG-16','DD-MON-RR'),20);
Insert into ILLO2.PLATBA (ID_HISTORIA,DATUM,CENA) values (180,to_date('11-AUG-16','DD-MON-RR'),12);
Insert into ILLO2.PLATBA (ID_HISTORIA,DATUM,CENA) values (181,to_date('12-AUG-16','DD-MON-RR'),10);
Insert into ILLO2.PLATBA (ID_HISTORIA,DATUM,CENA) values (182,to_date('13-AUG-16','DD-MON-RR'),20);
Insert into ILLO2.PLATBA (ID_HISTORIA,DATUM,CENA) values (183,to_date('14-AUG-16','DD-MON-RR'),20);
Insert into ILLO2.PLATBA (ID_HISTORIA,DATUM,CENA) values (184,to_date('15-AUG-16','DD-MON-RR'),15);
Insert into ILLO2.PLATBA (ID_HISTORIA,DATUM,CENA) values (185,to_date('16-AUG-16','DD-MON-RR'),13);
Insert into ILLO2.PLATBA (ID_HISTORIA,DATUM,CENA) values (186,to_date('17-AUG-16','DD-MON-RR'),13);
Insert into ILLO2.PLATBA (ID_HISTORIA,DATUM,CENA) values (187,to_date('18-AUG-16','DD-MON-RR'),16);
Insert into ILLO2.PLATBA (ID_HISTORIA,DATUM,CENA) values (188,to_date('19-AUG-16','DD-MON-RR'),19);
Insert into ILLO2.PLATBA (ID_HISTORIA,DATUM,CENA) values (189,to_date('20-AUG-16','DD-MON-RR'),16);
Insert into ILLO2.PLATBA (ID_HISTORIA,DATUM,CENA) values (190,to_date('21-AUG-16','DD-MON-RR'),19);
Insert into ILLO2.PLATBA (ID_HISTORIA,DATUM,CENA) values (191,to_date('22-AUG-16','DD-MON-RR'),19);
Insert into ILLO2.PLATBA (ID_HISTORIA,DATUM,CENA) values (192,to_date('23-AUG-16','DD-MON-RR'),15);
Insert into ILLO2.PLATBA (ID_HISTORIA,DATUM,CENA) values (193,to_date('24-AUG-16','DD-MON-RR'),11);
Insert into ILLO2.PLATBA (ID_HISTORIA,DATUM,CENA) values (194,to_date('25-AUG-16','DD-MON-RR'),20);
Insert into ILLO2.PLATBA (ID_HISTORIA,DATUM,CENA) values (195,to_date('26-AUG-16','DD-MON-RR'),16);
Insert into ILLO2.PLATBA (ID_HISTORIA,DATUM,CENA) values (196,to_date('27-AUG-16','DD-MON-RR'),16);
Insert into ILLO2.PLATBA (ID_HISTORIA,DATUM,CENA) values (197,to_date('28-AUG-16','DD-MON-RR'),10);
Insert into ILLO2.PLATBA (ID_HISTORIA,DATUM,CENA) values (198,to_date('29-AUG-16','DD-MON-RR'),10);
Insert into ILLO2.PLATBA (ID_HISTORIA,DATUM,CENA) values (199,to_date('30-AUG-16','DD-MON-RR'),19);
Insert into ILLO2.PLATBA (ID_HISTORIA,DATUM,CENA) values (200,to_date('31-AUG-16','DD-MON-RR'),11);
Insert into ILLO2.PLATBA (ID_HISTORIA,DATUM,CENA) values (201,to_date('01-SEP-16','DD-MON-RR'),19);
Insert into ILLO2.PLATBA (ID_HISTORIA,DATUM,CENA) values (202,to_date('02-SEP-16','DD-MON-RR'),11);
Insert into ILLO2.PLATBA (ID_HISTORIA,DATUM,CENA) values (203,to_date('03-SEP-16','DD-MON-RR'),20);
Insert into ILLO2.PLATBA (ID_HISTORIA,DATUM,CENA) values (204,to_date('04-SEP-16','DD-MON-RR'),19);
Insert into ILLO2.PLATBA (ID_HISTORIA,DATUM,CENA) values (205,to_date('05-SEP-16','DD-MON-RR'),15);
Insert into ILLO2.PLATBA (ID_HISTORIA,DATUM,CENA) values (206,to_date('06-SEP-16','DD-MON-RR'),15);
Insert into ILLO2.PLATBA (ID_HISTORIA,DATUM,CENA) values (207,to_date('07-SEP-16','DD-MON-RR'),18);
Insert into ILLO2.PLATBA (ID_HISTORIA,DATUM,CENA) values (208,to_date('08-SEP-16','DD-MON-RR'),13);
Insert into ILLO2.PLATBA (ID_HISTORIA,DATUM,CENA) values (209,to_date('09-SEP-16','DD-MON-RR'),15);
Insert into ILLO2.PLATBA (ID_HISTORIA,DATUM,CENA) values (210,to_date('10-SEP-16','DD-MON-RR'),20);
Insert into ILLO2.PLATBA (ID_HISTORIA,DATUM,CENA) values (211,to_date('11-SEP-16','DD-MON-RR'),16);
Insert into ILLO2.PLATBA (ID_HISTORIA,DATUM,CENA) values (212,to_date('12-SEP-16','DD-MON-RR'),10);
Insert into ILLO2.PLATBA (ID_HISTORIA,DATUM,CENA) values (213,to_date('13-SEP-16','DD-MON-RR'),17);
Insert into ILLO2.PLATBA (ID_HISTORIA,DATUM,CENA) values (214,to_date('14-SEP-16','DD-MON-RR'),20);
Insert into ILLO2.PLATBA (ID_HISTORIA,DATUM,CENA) values (215,to_date('15-SEP-16','DD-MON-RR'),15);
Insert into ILLO2.PLATBA (ID_HISTORIA,DATUM,CENA) values (216,to_date('16-SEP-16','DD-MON-RR'),16);
Insert into ILLO2.PLATBA (ID_HISTORIA,DATUM,CENA) values (217,to_date('17-SEP-16','DD-MON-RR'),17);
Insert into ILLO2.PLATBA (ID_HISTORIA,DATUM,CENA) values (218,to_date('18-SEP-16','DD-MON-RR'),20);
Insert into ILLO2.PLATBA (ID_HISTORIA,DATUM,CENA) values (219,to_date('19-SEP-16','DD-MON-RR'),17);
Insert into ILLO2.PLATBA (ID_HISTORIA,DATUM,CENA) values (220,to_date('20-SEP-16','DD-MON-RR'),20);
Insert into ILLO2.PLATBA (ID_HISTORIA,DATUM,CENA) values (221,to_date('21-SEP-16','DD-MON-RR'),13);
Insert into ILLO2.PLATBA (ID_HISTORIA,DATUM,CENA) values (222,to_date('22-SEP-16','DD-MON-RR'),19);
Insert into ILLO2.PLATBA (ID_HISTORIA,DATUM,CENA) values (223,to_date('23-SEP-16','DD-MON-RR'),14);
Insert into ILLO2.PLATBA (ID_HISTORIA,DATUM,CENA) values (224,to_date('24-SEP-16','DD-MON-RR'),12);
Insert into ILLO2.PLATBA (ID_HISTORIA,DATUM,CENA) values (225,to_date('25-SEP-16','DD-MON-RR'),16);
Insert into ILLO2.PLATBA (ID_HISTORIA,DATUM,CENA) values (226,to_date('26-SEP-16','DD-MON-RR'),10);
Insert into ILLO2.PLATBA (ID_HISTORIA,DATUM,CENA) values (227,to_date('27-SEP-16','DD-MON-RR'),14);
Insert into ILLO2.PLATBA (ID_HISTORIA,DATUM,CENA) values (228,to_date('28-SEP-16','DD-MON-RR'),20);
Insert into ILLO2.PLATBA (ID_HISTORIA,DATUM,CENA) values (229,to_date('29-SEP-16','DD-MON-RR'),12);
Insert into ILLO2.PLATBA (ID_HISTORIA,DATUM,CENA) values (230,to_date('30-SEP-16','DD-MON-RR'),17);
Insert into ILLO2.PLATBA (ID_HISTORIA,DATUM,CENA) values (231,to_date('01-OCT-16','DD-MON-RR'),12);
Insert into ILLO2.PLATBA (ID_HISTORIA,DATUM,CENA) values (232,to_date('02-OCT-16','DD-MON-RR'),15);
Insert into ILLO2.PLATBA (ID_HISTORIA,DATUM,CENA) values (233,to_date('03-OCT-16','DD-MON-RR'),15);
Insert into ILLO2.PLATBA (ID_HISTORIA,DATUM,CENA) values (234,to_date('04-OCT-16','DD-MON-RR'),19);
Insert into ILLO2.PLATBA (ID_HISTORIA,DATUM,CENA) values (235,to_date('05-OCT-16','DD-MON-RR'),19);
Insert into ILLO2.PLATBA (ID_HISTORIA,DATUM,CENA) values (236,to_date('06-OCT-16','DD-MON-RR'),20);
Insert into ILLO2.PLATBA (ID_HISTORIA,DATUM,CENA) values (237,to_date('07-OCT-16','DD-MON-RR'),10);
Insert into ILLO2.PLATBA (ID_HISTORIA,DATUM,CENA) values (238,to_date('08-OCT-16','DD-MON-RR'),18);
Insert into ILLO2.PLATBA (ID_HISTORIA,DATUM,CENA) values (239,to_date('09-OCT-16','DD-MON-RR'),14);
REM INSERTING into ILLO2.PREUKAZ
SET DEFINE OFF;
Insert into ILLO2.PREUKAZ (ID_PREUKAZ,ID_ZAKAZNIK,ZACIATOK_PLATNOSTI,KONIEC_PLATNOSTI) values (200,300,to_date('18-APR-15','DD-MON-RR'),to_date('18-APR-17','DD-MON-RR'));
Insert into ILLO2.PREUKAZ (ID_PREUKAZ,ID_ZAKAZNIK,ZACIATOK_PLATNOSTI,KONIEC_PLATNOSTI) values (201,301,to_date('18-APR-15','DD-MON-RR'),to_date('18-APR-17','DD-MON-RR'));
Insert into ILLO2.PREUKAZ (ID_PREUKAZ,ID_ZAKAZNIK,ZACIATOK_PLATNOSTI,KONIEC_PLATNOSTI) values (202,302,to_date('18-APR-15','DD-MON-RR'),to_date('18-APR-17','DD-MON-RR'));
Insert into ILLO2.PREUKAZ (ID_PREUKAZ,ID_ZAKAZNIK,ZACIATOK_PLATNOSTI,KONIEC_PLATNOSTI) values (203,303,to_date('20-SEP-16','DD-MON-RR'),to_date('20-SEP-17','DD-MON-RR'));
Insert into ILLO2.PREUKAZ (ID_PREUKAZ,ID_ZAKAZNIK,ZACIATOK_PLATNOSTI,KONIEC_PLATNOSTI) values (204,304,to_date('10-SEP-16','DD-MON-RR'),to_date('10-SEP-17','DD-MON-RR'));
Insert into ILLO2.PREUKAZ (ID_PREUKAZ,ID_ZAKAZNIK,ZACIATOK_PLATNOSTI,KONIEC_PLATNOSTI) values (205,305,to_date('18-APR-15','DD-MON-RR'),to_date('18-APR-17','DD-MON-RR'));
Insert into ILLO2.PREUKAZ (ID_PREUKAZ,ID_ZAKAZNIK,ZACIATOK_PLATNOSTI,KONIEC_PLATNOSTI) values (206,306,to_date('18-APR-15','DD-MON-RR'),to_date('18-APR-17','DD-MON-RR'));
Insert into ILLO2.PREUKAZ (ID_PREUKAZ,ID_ZAKAZNIK,ZACIATOK_PLATNOSTI,KONIEC_PLATNOSTI) values (207,307,to_date('18-APR-15','DD-MON-RR'),to_date('18-APR-17','DD-MON-RR'));
Insert into ILLO2.PREUKAZ (ID_PREUKAZ,ID_ZAKAZNIK,ZACIATOK_PLATNOSTI,KONIEC_PLATNOSTI) values (208,308,to_date('18-APR-15','DD-MON-RR'),to_date('18-APR-17','DD-MON-RR'));
Insert into ILLO2.PREUKAZ (ID_PREUKAZ,ID_ZAKAZNIK,ZACIATOK_PLATNOSTI,KONIEC_PLATNOSTI) values (209,309,to_date('29-DEC-16','DD-MON-RR'),to_date('29-DEC-17','DD-MON-RR'));
Insert into ILLO2.PREUKAZ (ID_PREUKAZ,ID_ZAKAZNIK,ZACIATOK_PLATNOSTI,KONIEC_PLATNOSTI) values (210,310,to_date('09-JAN-15','DD-MON-RR'),to_date('09-JAN-17','DD-MON-RR'));
Insert into ILLO2.PREUKAZ (ID_PREUKAZ,ID_ZAKAZNIK,ZACIATOK_PLATNOSTI,KONIEC_PLATNOSTI) values (211,311,to_date('20-AUG-16','DD-MON-RR'),to_date('20-AUG-17','DD-MON-RR'));
Insert into ILLO2.PREUKAZ (ID_PREUKAZ,ID_ZAKAZNIK,ZACIATOK_PLATNOSTI,KONIEC_PLATNOSTI) values (212,312,to_date('23-JAN-12','DD-MON-RR'),to_date('06-APR-14','DD-MON-RR'));
Insert into ILLO2.PREUKAZ (ID_PREUKAZ,ID_ZAKAZNIK,ZACIATOK_PLATNOSTI,KONIEC_PLATNOSTI) values (213,313,to_date('08-NOV-15','DD-MON-RR'),to_date('08-NOV-15','DD-MON-RR'));
Insert into ILLO2.PREUKAZ (ID_PREUKAZ,ID_ZAKAZNIK,ZACIATOK_PLATNOSTI,KONIEC_PLATNOSTI) values (214,314,to_date('19-MAY-14','DD-MON-RR'),to_date('08-NOV-15','DD-MON-RR'));
Insert into ILLO2.PREUKAZ (ID_PREUKAZ,ID_ZAKAZNIK,ZACIATOK_PLATNOSTI,KONIEC_PLATNOSTI) values (215,315,to_date('09-MAY-16','DD-MON-RR'),to_date('08-NOV-17','DD-MON-RR'));
Insert into ILLO2.PREUKAZ (ID_PREUKAZ,ID_ZAKAZNIK,ZACIATOK_PLATNOSTI,KONIEC_PLATNOSTI) values (216,316,to_date('12-JUL-16','DD-MON-RR'),to_date('12-JUL-17','DD-MON-RR'));
Insert into ILLO2.PREUKAZ (ID_PREUKAZ,ID_ZAKAZNIK,ZACIATOK_PLATNOSTI,KONIEC_PLATNOSTI) values (217,317,to_date('31-JUL-16','DD-MON-RR'),to_date('31-JUL-17','DD-MON-RR'));
Insert into ILLO2.PREUKAZ (ID_PREUKAZ,ID_ZAKAZNIK,ZACIATOK_PLATNOSTI,KONIEC_PLATNOSTI) values (218,318,to_date('02-OCT-16','DD-MON-RR'),to_date('13-JUL-17','DD-MON-RR'));
Insert into ILLO2.PREUKAZ (ID_PREUKAZ,ID_ZAKAZNIK,ZACIATOK_PLATNOSTI,KONIEC_PLATNOSTI) values (219,319,to_date('09-JUN-15','DD-MON-RR'),to_date('09-JUN-17','DD-MON-RR'));
Insert into ILLO2.PREUKAZ (ID_PREUKAZ,ID_ZAKAZNIK,ZACIATOK_PLATNOSTI,KONIEC_PLATNOSTI) values (220,320,to_date('09-SEP-16','DD-MON-RR'),to_date('18-AUG-17','DD-MON-RR'));
Insert into ILLO2.PREUKAZ (ID_PREUKAZ,ID_ZAKAZNIK,ZACIATOK_PLATNOSTI,KONIEC_PLATNOSTI) values (221,321,to_date('27-MAY-16','DD-MON-RR'),to_date('27-MAY-17','DD-MON-RR'));
Insert into ILLO2.PREUKAZ (ID_PREUKAZ,ID_ZAKAZNIK,ZACIATOK_PLATNOSTI,KONIEC_PLATNOSTI) values (222,322,to_date('07-AUG-16','DD-MON-RR'),to_date('01-AUG-17','DD-MON-RR'));
Insert into ILLO2.PREUKAZ (ID_PREUKAZ,ID_ZAKAZNIK,ZACIATOK_PLATNOSTI,KONIEC_PLATNOSTI) values (223,323,to_date('26-OCT-15','DD-MON-RR'),to_date('26-OCT-16','DD-MON-RR'));
Insert into ILLO2.PREUKAZ (ID_PREUKAZ,ID_ZAKAZNIK,ZACIATOK_PLATNOSTI,KONIEC_PLATNOSTI) values (224,324,to_date('03-AUG-16','DD-MON-RR'),to_date('28-DEC-17','DD-MON-RR'));
Insert into ILLO2.PREUKAZ (ID_PREUKAZ,ID_ZAKAZNIK,ZACIATOK_PLATNOSTI,KONIEC_PLATNOSTI) values (225,325,to_date('26-APR-16','DD-MON-RR'),to_date('24-JUL-17','DD-MON-RR'));
Insert into ILLO2.PREUKAZ (ID_PREUKAZ,ID_ZAKAZNIK,ZACIATOK_PLATNOSTI,KONIEC_PLATNOSTI) values (226,326,to_date('11-NOV-16','DD-MON-RR'),to_date('11-NOV-17','DD-MON-RR'));
Insert into ILLO2.PREUKAZ (ID_PREUKAZ,ID_ZAKAZNIK,ZACIATOK_PLATNOSTI,KONIEC_PLATNOSTI) values (227,327,to_date('07-MAR-16','DD-MON-RR'),to_date('11-NOV-17','DD-MON-RR'));
Insert into ILLO2.PREUKAZ (ID_PREUKAZ,ID_ZAKAZNIK,ZACIATOK_PLATNOSTI,KONIEC_PLATNOSTI) values (228,328,to_date('15-JUN-16','DD-MON-RR'),to_date('11-NOV-17','DD-MON-RR'));
Insert into ILLO2.PREUKAZ (ID_PREUKAZ,ID_ZAKAZNIK,ZACIATOK_PLATNOSTI,KONIEC_PLATNOSTI) values (229,329,to_date('05-AUG-17','DD-MON-RR'),to_date('23-NOV-17','DD-MON-RR'));
Insert into ILLO2.PREUKAZ (ID_PREUKAZ,ID_ZAKAZNIK,ZACIATOK_PLATNOSTI,KONIEC_PLATNOSTI) values (230,330,to_date('17-SEP-16','DD-MON-RR'),to_date('17-SEP-17','DD-MON-RR'));
Insert into ILLO2.PREUKAZ (ID_PREUKAZ,ID_ZAKAZNIK,ZACIATOK_PLATNOSTI,KONIEC_PLATNOSTI) values (231,331,to_date('06-DEC-16','DD-MON-RR'),to_date('06-DEC-17','DD-MON-RR'));
Insert into ILLO2.PREUKAZ (ID_PREUKAZ,ID_ZAKAZNIK,ZACIATOK_PLATNOSTI,KONIEC_PLATNOSTI) values (232,332,to_date('22-OCT-16','DD-MON-RR'),to_date('22-OCT-17','DD-MON-RR'));
Insert into ILLO2.PREUKAZ (ID_PREUKAZ,ID_ZAKAZNIK,ZACIATOK_PLATNOSTI,KONIEC_PLATNOSTI) values (233,333,to_date('09-MAY-12','DD-MON-RR'),to_date('26-JUL-13','DD-MON-RR'));
Insert into ILLO2.PREUKAZ (ID_PREUKAZ,ID_ZAKAZNIK,ZACIATOK_PLATNOSTI,KONIEC_PLATNOSTI) values (234,334,to_date('12-FEB-16','DD-MON-RR'),to_date('12-FEB-17','DD-MON-RR'));
Insert into ILLO2.PREUKAZ (ID_PREUKAZ,ID_ZAKAZNIK,ZACIATOK_PLATNOSTI,KONIEC_PLATNOSTI) values (235,335,to_date('01-FEB-16','DD-MON-RR'),to_date('12-FEB-17','DD-MON-RR'));
Insert into ILLO2.PREUKAZ (ID_PREUKAZ,ID_ZAKAZNIK,ZACIATOK_PLATNOSTI,KONIEC_PLATNOSTI) values (236,336,to_date('12-APR-16','DD-MON-RR'),to_date('07-FEB-18','DD-MON-RR'));
Insert into ILLO2.PREUKAZ (ID_PREUKAZ,ID_ZAKAZNIK,ZACIATOK_PLATNOSTI,KONIEC_PLATNOSTI) values (237,337,to_date('13-MAR-16','DD-MON-RR'),to_date('12-NOV-17','DD-MON-RR'));
Insert into ILLO2.PREUKAZ (ID_PREUKAZ,ID_ZAKAZNIK,ZACIATOK_PLATNOSTI,KONIEC_PLATNOSTI) values (238,338,to_date('18-APR-15','DD-MON-RR'),to_date('18-APR-17','DD-MON-RR'));
Insert into ILLO2.PREUKAZ (ID_PREUKAZ,ID_ZAKAZNIK,ZACIATOK_PLATNOSTI,KONIEC_PLATNOSTI) values (239,339,to_date('18-MAY-16','DD-MON-RR'),to_date('29-SEP-17','DD-MON-RR'));
Insert into ILLO2.PREUKAZ (ID_PREUKAZ,ID_ZAKAZNIK,ZACIATOK_PLATNOSTI,KONIEC_PLATNOSTI) values (240,340,to_date('09-NOV-15','DD-MON-RR'),to_date('09-NOV-17','DD-MON-RR'));
Insert into ILLO2.PREUKAZ (ID_PREUKAZ,ID_ZAKAZNIK,ZACIATOK_PLATNOSTI,KONIEC_PLATNOSTI) values (241,341,to_date('02-APR-16','DD-MON-RR'),to_date('09-NOV-17','DD-MON-RR'));
Insert into ILLO2.PREUKAZ (ID_PREUKAZ,ID_ZAKAZNIK,ZACIATOK_PLATNOSTI,KONIEC_PLATNOSTI) values (242,342,to_date('21-NOV-16','DD-MON-RR'),to_date('14-APR-18','DD-MON-RR'));
Insert into ILLO2.PREUKAZ (ID_PREUKAZ,ID_ZAKAZNIK,ZACIATOK_PLATNOSTI,KONIEC_PLATNOSTI) values (243,343,to_date('09-JUL-16','DD-MON-RR'),to_date('09-MAY-18','DD-MON-RR'));
Insert into ILLO2.PREUKAZ (ID_PREUKAZ,ID_ZAKAZNIK,ZACIATOK_PLATNOSTI,KONIEC_PLATNOSTI) values (244,344,to_date('19-OCT-16','DD-MON-RR'),to_date('12-JUL-18','DD-MON-RR'));
Insert into ILLO2.PREUKAZ (ID_PREUKAZ,ID_ZAKAZNIK,ZACIATOK_PLATNOSTI,KONIEC_PLATNOSTI) values (245,345,to_date('17-AUG-16','DD-MON-RR'),to_date('04-JUL-18','DD-MON-RR'));
Insert into ILLO2.PREUKAZ (ID_PREUKAZ,ID_ZAKAZNIK,ZACIATOK_PLATNOSTI,KONIEC_PLATNOSTI) values (246,346,to_date('20-APR-16','DD-MON-RR'),to_date('01-FEB-18','DD-MON-RR'));
Insert into ILLO2.PREUKAZ (ID_PREUKAZ,ID_ZAKAZNIK,ZACIATOK_PLATNOSTI,KONIEC_PLATNOSTI) values (247,347,to_date('24-AUG-16','DD-MON-RR'),to_date('24-AUG-17','DD-MON-RR'));
Insert into ILLO2.PREUKAZ (ID_PREUKAZ,ID_ZAKAZNIK,ZACIATOK_PLATNOSTI,KONIEC_PLATNOSTI) values (248,348,to_date('23-JUN-16','DD-MON-RR'),to_date('23-JUN-17','DD-MON-RR'));
Insert into ILLO2.PREUKAZ (ID_PREUKAZ,ID_ZAKAZNIK,ZACIATOK_PLATNOSTI,KONIEC_PLATNOSTI) values (249,349,to_date('22-JUL-15','DD-MON-RR'),to_date('22-JUL-17','DD-MON-RR'));
Insert into ILLO2.PREUKAZ (ID_PREUKAZ,ID_ZAKAZNIK,ZACIATOK_PLATNOSTI,KONIEC_PLATNOSTI) values (250,333,to_date('09-MAY-16','DD-MON-RR'),to_date('26-JUL-17','DD-MON-RR'));
Insert into ILLO2.PREUKAZ (ID_PREUKAZ,ID_ZAKAZNIK,ZACIATOK_PLATNOSTI,KONIEC_PLATNOSTI) values (251,350,to_date('09-MAY-16','DD-MON-RR'),to_date('26-JUL-17','DD-MON-RR'));
Insert into ILLO2.PREUKAZ (ID_PREUKAZ,ID_ZAKAZNIK,ZACIATOK_PLATNOSTI,KONIEC_PLATNOSTI) values (1,1,to_date('10-APR-13','DD-MON-RR'),to_date('10-APR-18','DD-MON-RR'));
Insert into ILLO2.PREUKAZ (ID_PREUKAZ,ID_ZAKAZNIK,ZACIATOK_PLATNOSTI,KONIEC_PLATNOSTI) values (2,2,to_date('03-JUL-15','DD-MON-RR'),to_date('03-JUL-20','DD-MON-RR'));
Insert into ILLO2.PREUKAZ (ID_PREUKAZ,ID_ZAKAZNIK,ZACIATOK_PLATNOSTI,KONIEC_PLATNOSTI) values (3,3,to_date('24-DEC-15','DD-MON-RR'),to_date('24-DEC-20','DD-MON-RR'));
Insert into ILLO2.PREUKAZ (ID_PREUKAZ,ID_ZAKAZNIK,ZACIATOK_PLATNOSTI,KONIEC_PLATNOSTI) values (4,4,to_date('29-AUG-16','DD-MON-RR'),to_date('29-AUG-21','DD-MON-RR'));
Insert into ILLO2.PREUKAZ (ID_PREUKAZ,ID_ZAKAZNIK,ZACIATOK_PLATNOSTI,KONIEC_PLATNOSTI) values (5,5,to_date('01-JAN-17','DD-MON-RR'),to_date('01-JAN-22','DD-MON-RR'));
REM INSERTING into ILLO2.REZERVACIA
SET DEFINE OFF;
Insert into ILLO2.REZERVACIA (ID_REZERVACIA,ID_PREUKAZ,ID_KUPON,ZACIATOK,STAV,DLZKA) values (1,203,301,to_date('17-MAR-17','DD-MON-RR'),'SCH','+03 00:00:00.000000');
Insert into ILLO2.REZERVACIA (ID_REZERVACIA,ID_PREUKAZ,ID_KUPON,ZACIATOK,STAV,DLZKA) values (2,203,302,to_date('16-MAR-17','DD-MON-RR'),'NES','+00 03:00:00.000000');
Insert into ILLO2.REZERVACIA (ID_REZERVACIA,ID_PREUKAZ,ID_KUPON,ZACIATOK,STAV,DLZKA) values (3,203,300,to_date('07-MAR-17','DD-MON-RR'),'ZRU','+00 04:00:00.000000');
Insert into ILLO2.REZERVACIA (ID_REZERVACIA,ID_PREUKAZ,ID_KUPON,ZACIATOK,STAV,DLZKA) values (4,204,303,to_date('12-MAR-17','DD-MON-RR'),'SCH','+00 05:00:00.000000');
Insert into ILLO2.REZERVACIA (ID_REZERVACIA,ID_PREUKAZ,ID_KUPON,ZACIATOK,STAV,DLZKA) values (5,204,308,to_date('24-MAR-17','DD-MON-RR'),'SCH','+00 01:00:00.000000');
Insert into ILLO2.REZERVACIA (ID_REZERVACIA,ID_PREUKAZ,ID_KUPON,ZACIATOK,STAV,DLZKA) values (6,203,307,to_date('27-APR-17','DD-MON-RR'),'NES','+00 02:00:00.000000');
Insert into ILLO2.REZERVACIA (ID_REZERVACIA,ID_PREUKAZ,ID_KUPON,ZACIATOK,STAV,DLZKA) values (7,204,309,to_date('28-MAY-17','DD-MON-RR'),'SCH','+00 08:00:00.000000');
Insert into ILLO2.REZERVACIA (ID_REZERVACIA,ID_PREUKAZ,ID_KUPON,ZACIATOK,STAV,DLZKA) values (8,205,316,to_date('01-JUL-17','DD-MON-RR'),'ZRU','+00 01:00:00.000000');
Insert into ILLO2.REZERVACIA (ID_REZERVACIA,ID_PREUKAZ,ID_KUPON,ZACIATOK,STAV,DLZKA) values (9,226,317,to_date('02-JUL-17','DD-MON-RR'),'SCH','+01 00:00:00.000000');
Insert into ILLO2.REZERVACIA (ID_REZERVACIA,ID_PREUKAZ,ID_KUPON,ZACIATOK,STAV,DLZKA) values (10,226,318,to_date('09-JUN-17','DD-MON-RR'),'SCH','+03 00:00:00.000000');
Insert into ILLO2.REZERVACIA (ID_REZERVACIA,ID_PREUKAZ,ID_KUPON,ZACIATOK,STAV,DLZKA) values (11,227,314,to_date('19-JUN-17','DD-MON-RR'),'ZRU','+00 07:00:00.000000');
Insert into ILLO2.REZERVACIA (ID_REZERVACIA,ID_PREUKAZ,ID_KUPON,ZACIATOK,STAV,DLZKA) values (12,228,313,to_date('21-MAY-17','DD-MON-RR'),'SCH','+01 00:00:00.000000');
Insert into ILLO2.REZERVACIA (ID_REZERVACIA,ID_PREUKAZ,ID_KUPON,ZACIATOK,STAV,DLZKA) values (13,229,312,to_date('07-JUL-17','DD-MON-RR'),'NES','+00 03:00:00.000000');
Insert into ILLO2.REZERVACIA (ID_REZERVACIA,ID_PREUKAZ,ID_KUPON,ZACIATOK,STAV,DLZKA) values (14,240,311,to_date('03-AUG-17','DD-MON-RR'),'SCH','+00 07:00:00.000000');
Insert into ILLO2.REZERVACIA (ID_REZERVACIA,ID_PREUKAZ,ID_KUPON,ZACIATOK,STAV,DLZKA) values (15,247,320,to_date('05-SEP-17','DD-MON-RR'),'SCH','+01 00:00:00.000000');
Insert into ILLO2.REZERVACIA (ID_REZERVACIA,ID_PREUKAZ,ID_KUPON,ZACIATOK,STAV,DLZKA) values (16,240,304,to_date('05-MAY-17','DD-MON-RR'),'SCH','+00 02:00:00.000000');
Insert into ILLO2.REZERVACIA (ID_REZERVACIA,ID_PREUKAZ,ID_KUPON,ZACIATOK,STAV,DLZKA) values (17,247,305,to_date('18-JUL-17','DD-MON-RR'),'NES','+01 00:00:00.000000');
Insert into ILLO2.REZERVACIA (ID_REZERVACIA,ID_PREUKAZ,ID_KUPON,ZACIATOK,STAV,DLZKA) values (18,232,306,to_date('13-APR-17','DD-MON-RR'),'SCH','+00 03:00:00.000000');
Insert into ILLO2.REZERVACIA (ID_REZERVACIA,ID_PREUKAZ,ID_KUPON,ZACIATOK,STAV,DLZKA) values (19,226,310,to_date('14-MAR-17','DD-MON-RR'),'SCH','+02 00:00:00.000000');
Insert into ILLO2.REZERVACIA (ID_REZERVACIA,ID_PREUKAZ,ID_KUPON,ZACIATOK,STAV,DLZKA) values (20,247,315,to_date('21-MAR-17','DD-MON-RR'),'SCH','+00 03:00:00.000000');
Insert into ILLO2.REZERVACIA (ID_REZERVACIA,ID_PREUKAZ,ID_KUPON,ZACIATOK,STAV,DLZKA) values (301,1,1,to_date('07-DEC-16','DD-MON-RR'),'SCH','+00 01:00:00.000000');
Insert into ILLO2.REZERVACIA (ID_REZERVACIA,ID_PREUKAZ,ID_KUPON,ZACIATOK,STAV,DLZKA) values (302,2,2,to_date('08-AUG-17','DD-MON-RR'),'NES','+00 04:00:00.000000');
Insert into ILLO2.REZERVACIA (ID_REZERVACIA,ID_PREUKAZ,ID_KUPON,ZACIATOK,STAV,DLZKA) values (303,3,3,to_date('20-APR-17','DD-MON-RR'),'ZRU','+00 03:00:00.000000');
Insert into ILLO2.REZERVACIA (ID_REZERVACIA,ID_PREUKAZ,ID_KUPON,ZACIATOK,STAV,DLZKA) values (304,3,null,to_date('20-JUL-17','DD-MON-RR'),'NES','+00 05:00:00.000000');
Insert into ILLO2.REZERVACIA (ID_REZERVACIA,ID_PREUKAZ,ID_KUPON,ZACIATOK,STAV,DLZKA) values (305,3,null,to_date('17-AUG-17','DD-MON-RR'),'NES','+00 07:00:00.000000');
Insert into ILLO2.REZERVACIA (ID_REZERVACIA,ID_PREUKAZ,ID_KUPON,ZACIATOK,STAV,DLZKA) values (306,2,null,to_date('15-APR-17','DD-MON-RR'),'ZRU','+00 02:00:00.000000');
Insert into ILLO2.REZERVACIA (ID_REZERVACIA,ID_PREUKAZ,ID_KUPON,ZACIATOK,STAV,DLZKA) values (307,1,4,to_date('10-SEP-17','DD-MON-RR'),'ZRU','+00 08:00:00.000000');
Insert into ILLO2.REZERVACIA (ID_REZERVACIA,ID_PREUKAZ,ID_KUPON,ZACIATOK,STAV,DLZKA) values (308,3,6,to_date('12-MAR-17','DD-MON-RR'),'SCH','+00 01:00:00.000000');
REM INSERTING into ILLO2.REZERVACIA_PARK_MIESTA
SET DEFINE OFF;
Insert into ILLO2.REZERVACIA_PARK_MIESTA (ID_REZERVACIA_PARK_MIESTO,ID_REZERVACIA,ID_MIESTA) values (1,1,501);
Insert into ILLO2.REZERVACIA_PARK_MIESTA (ID_REZERVACIA_PARK_MIESTO,ID_REZERVACIA,ID_MIESTA) values (2,2,502);
Insert into ILLO2.REZERVACIA_PARK_MIESTA (ID_REZERVACIA_PARK_MIESTO,ID_REZERVACIA,ID_MIESTA) values (3,3,503);
Insert into ILLO2.REZERVACIA_PARK_MIESTA (ID_REZERVACIA_PARK_MIESTO,ID_REZERVACIA,ID_MIESTA) values (4,4,504);
Insert into ILLO2.REZERVACIA_PARK_MIESTA (ID_REZERVACIA_PARK_MIESTO,ID_REZERVACIA,ID_MIESTA) values (5,5,503);
Insert into ILLO2.REZERVACIA_PARK_MIESTA (ID_REZERVACIA_PARK_MIESTO,ID_REZERVACIA,ID_MIESTA) values (6,6,503);
Insert into ILLO2.REZERVACIA_PARK_MIESTA (ID_REZERVACIA_PARK_MIESTO,ID_REZERVACIA,ID_MIESTA) values (7,7,509);
Insert into ILLO2.REZERVACIA_PARK_MIESTA (ID_REZERVACIA_PARK_MIESTO,ID_REZERVACIA,ID_MIESTA) values (8,8,523);
Insert into ILLO2.REZERVACIA_PARK_MIESTA (ID_REZERVACIA_PARK_MIESTO,ID_REZERVACIA,ID_MIESTA) values (9,9,517);
Insert into ILLO2.REZERVACIA_PARK_MIESTA (ID_REZERVACIA_PARK_MIESTO,ID_REZERVACIA,ID_MIESTA) values (10,10,517);
Insert into ILLO2.REZERVACIA_PARK_MIESTA (ID_REZERVACIA_PARK_MIESTO,ID_REZERVACIA,ID_MIESTA) values (11,11,519);
Insert into ILLO2.REZERVACIA_PARK_MIESTA (ID_REZERVACIA_PARK_MIESTO,ID_REZERVACIA,ID_MIESTA) values (12,12,520);
Insert into ILLO2.REZERVACIA_PARK_MIESTA (ID_REZERVACIA_PARK_MIESTO,ID_REZERVACIA,ID_MIESTA) values (13,13,530);
Insert into ILLO2.REZERVACIA_PARK_MIESTA (ID_REZERVACIA_PARK_MIESTO,ID_REZERVACIA,ID_MIESTA) values (14,14,539);
Insert into ILLO2.REZERVACIA_PARK_MIESTA (ID_REZERVACIA_PARK_MIESTO,ID_REZERVACIA,ID_MIESTA) values (15,15,537);
Insert into ILLO2.REZERVACIA_PARK_MIESTA (ID_REZERVACIA_PARK_MIESTO,ID_REZERVACIA,ID_MIESTA) values (16,16,571);
Insert into ILLO2.REZERVACIA_PARK_MIESTA (ID_REZERVACIA_PARK_MIESTO,ID_REZERVACIA,ID_MIESTA) values (17,17,572);
Insert into ILLO2.REZERVACIA_PARK_MIESTA (ID_REZERVACIA_PARK_MIESTO,ID_REZERVACIA,ID_MIESTA) values (18,18,573);
Insert into ILLO2.REZERVACIA_PARK_MIESTA (ID_REZERVACIA_PARK_MIESTO,ID_REZERVACIA,ID_MIESTA) values (19,19,591);
Insert into ILLO2.REZERVACIA_PARK_MIESTA (ID_REZERVACIA_PARK_MIESTO,ID_REZERVACIA,ID_MIESTA) values (20,20,573);
Insert into ILLO2.REZERVACIA_PARK_MIESTA (ID_REZERVACIA_PARK_MIESTO,ID_REZERVACIA,ID_MIESTA) values (301,1,3);
Insert into ILLO2.REZERVACIA_PARK_MIESTA (ID_REZERVACIA_PARK_MIESTO,ID_REZERVACIA,ID_MIESTA) values (302,2,7);
Insert into ILLO2.REZERVACIA_PARK_MIESTA (ID_REZERVACIA_PARK_MIESTO,ID_REZERVACIA,ID_MIESTA) values (303,3,15);
Insert into ILLO2.REZERVACIA_PARK_MIESTA (ID_REZERVACIA_PARK_MIESTO,ID_REZERVACIA,ID_MIESTA) values (304,4,2);
Insert into ILLO2.REZERVACIA_PARK_MIESTA (ID_REZERVACIA_PARK_MIESTO,ID_REZERVACIA,ID_MIESTA) values (305,5,18);
Insert into ILLO2.REZERVACIA_PARK_MIESTA (ID_REZERVACIA_PARK_MIESTO,ID_REZERVACIA,ID_MIESTA) values (306,6,8);
Insert into ILLO2.REZERVACIA_PARK_MIESTA (ID_REZERVACIA_PARK_MIESTO,ID_REZERVACIA,ID_MIESTA) values (307,7,9);
Insert into ILLO2.REZERVACIA_PARK_MIESTA (ID_REZERVACIA_PARK_MIESTO,ID_REZERVACIA,ID_MIESTA) values (308,8,17);
REM INSERTING into ILLO2.TARIFA
SET DEFINE OFF;
Insert into ILLO2.TARIFA (ID_TARIFA,ID_ZONA,PLATNOST_OD,PLATNOST_DO,SUMA_ZA_HODINU,PLATENA_DOBA) values (1000,65,to_date('18-FEB-16','DD-MON-RR'),to_date('09-MAR-16','DD-MON-RR'),2,'08001600');
REM INSERTING into ILLO2.VOZIDLO
SET DEFINE OFF;
Insert into ILLO2.VOZIDLO (SPZ,ID_PREUKAZ,TYP_VOZIDLA) values ('BA621NA',null,'O');
Insert into ILLO2.VOZIDLO (SPZ,ID_PREUKAZ,TYP_VOZIDLA) values ('BA540ME',null,'O');
Insert into ILLO2.VOZIDLO (SPZ,ID_PREUKAZ,TYP_VOZIDLA) values ('BL323BA',null,'O');
Insert into ILLO2.VOZIDLO (SPZ,ID_PREUKAZ,TYP_VOZIDLA) values ('BA788DE',null,'O');
Insert into ILLO2.VOZIDLO (SPZ,ID_PREUKAZ,TYP_VOZIDLA) values ('BA011OT',206,'O');
Insert into ILLO2.VOZIDLO (SPZ,ID_PREUKAZ,TYP_VOZIDLA) values ('BA345LO',207,'O');
Insert into ILLO2.VOZIDLO (SPZ,ID_PREUKAZ,TYP_VOZIDLA) values ('BA448DA',208,'O');
Insert into ILLO2.VOZIDLO (SPZ,ID_PREUKAZ,TYP_VOZIDLA) values ('BA494EA',209,'O');
Insert into ILLO2.VOZIDLO (SPZ,ID_PREUKAZ,TYP_VOZIDLA) values ('BA831HS',210,'O');
Insert into ILLO2.VOZIDLO (SPZ,ID_PREUKAZ,TYP_VOZIDLA) values ('BA540AL',211,'O');
Insert into ILLO2.VOZIDLO (SPZ,ID_PREUKAZ,TYP_VOZIDLA) values ('BA501AO',212,'O');
Insert into ILLO2.VOZIDLO (SPZ,ID_PREUKAZ,TYP_VOZIDLA) values ('SN207CR',213,'O');
Insert into ILLO2.VOZIDLO (SPZ,ID_PREUKAZ,TYP_VOZIDLA) values ('BA895JU',214,'O');
Insert into ILLO2.VOZIDLO (SPZ,ID_PREUKAZ,TYP_VOZIDLA) values ('BL772DO',215,'O');
Insert into ILLO2.VOZIDLO (SPZ,ID_PREUKAZ,TYP_VOZIDLA) values ('BL788EU',216,'O');
Insert into ILLO2.VOZIDLO (SPZ,ID_PREUKAZ,TYP_VOZIDLA) values ('NR263GV',217,'O');
Insert into ILLO2.VOZIDLO (SPZ,ID_PREUKAZ,TYP_VOZIDLA) values ('MA605CV',218,'O');
Insert into ILLO2.VOZIDLO (SPZ,ID_PREUKAZ,TYP_VOZIDLA) values ('BA914DS',219,'O');
Insert into ILLO2.VOZIDLO (SPZ,ID_PREUKAZ,TYP_VOZIDLA) values ('BA416KK',220,'O');
Insert into ILLO2.VOZIDLO (SPZ,ID_PREUKAZ,TYP_VOZIDLA) values ('BA586NS',221,'O');
Insert into ILLO2.VOZIDLO (SPZ,ID_PREUKAZ,TYP_VOZIDLA) values ('RK558BN',222,'O');
Insert into ILLO2.VOZIDLO (SPZ,ID_PREUKAZ,TYP_VOZIDLA) values ('MA324AS',223,'O');
Insert into ILLO2.VOZIDLO (SPZ,ID_PREUKAZ,TYP_VOZIDLA) values ('BA118VM',224,'O');
Insert into ILLO2.VOZIDLO (SPZ,ID_PREUKAZ,TYP_VOZIDLA) values ('BA110JB',225,'O');
Insert into ILLO2.VOZIDLO (SPZ,ID_PREUKAZ,TYP_VOZIDLA) values ('LM726AM',226,'O');
Insert into ILLO2.VOZIDLO (SPZ,ID_PREUKAZ,TYP_VOZIDLA) values ('BA232BD',227,'O');
Insert into ILLO2.VOZIDLO (SPZ,ID_PREUKAZ,TYP_VOZIDLA) values ('BA392TT',228,'O');
Insert into ILLO2.VOZIDLO (SPZ,ID_PREUKAZ,TYP_VOZIDLA) values ('NR815EP',229,'O');
Insert into ILLO2.VOZIDLO (SPZ,ID_PREUKAZ,TYP_VOZIDLA) values ('BA364VS',230,'O');
Insert into ILLO2.VOZIDLO (SPZ,ID_PREUKAZ,TYP_VOZIDLA) values ('BA366VN',231,'O');
Insert into ILLO2.VOZIDLO (SPZ,ID_PREUKAZ,TYP_VOZIDLA) values ('BL596LR',232,'O');
Insert into ILLO2.VOZIDLO (SPZ,ID_PREUKAZ,TYP_VOZIDLA) values ('BA826YK',233,'O');
Insert into ILLO2.VOZIDLO (SPZ,ID_PREUKAZ,TYP_VOZIDLA) values ('BA028BA',234,'O');
Insert into ILLO2.VOZIDLO (SPZ,ID_PREUKAZ,TYP_VOZIDLA) values ('BA114EB',235,'O');
Insert into ILLO2.VOZIDLO (SPZ,ID_PREUKAZ,TYP_VOZIDLA) values ('BA984GE',236,'O');
Insert into ILLO2.VOZIDLO (SPZ,ID_PREUKAZ,TYP_VOZIDLA) values ('GA027DZ',237,'O');
Insert into ILLO2.VOZIDLO (SPZ,ID_PREUKAZ,TYP_VOZIDLA) values ('BA822CA',238,'O');
Insert into ILLO2.VOZIDLO (SPZ,ID_PREUKAZ,TYP_VOZIDLA) values ('MI981AZ',239,'O');
Insert into ILLO2.VOZIDLO (SPZ,ID_PREUKAZ,TYP_VOZIDLA) values ('BA623DI',240,'O');
Insert into ILLO2.VOZIDLO (SPZ,ID_PREUKAZ,TYP_VOZIDLA) values ('BA110RC',241,'O');
Insert into ILLO2.VOZIDLO (SPZ,ID_PREUKAZ,TYP_VOZIDLA) values ('PK966BL',242,'O');
Insert into ILLO2.VOZIDLO (SPZ,ID_PREUKAZ,TYP_VOZIDLA) values ('BL387BV',243,'O');
Insert into ILLO2.VOZIDLO (SPZ,ID_PREUKAZ,TYP_VOZIDLA) values ('BL643DJ',244,'O');
Insert into ILLO2.VOZIDLO (SPZ,ID_PREUKAZ,TYP_VOZIDLA) values ('BA486UC',202,'N');
Insert into ILLO2.VOZIDLO (SPZ,ID_PREUKAZ,TYP_VOZIDLA) values ('BA030BK',251,'N');
Insert into ILLO2.VOZIDLO (SPZ,ID_PREUKAZ,TYP_VOZIDLA) values ('BA762XF',214,'N');
Insert into ILLO2.VOZIDLO (SPZ,ID_PREUKAZ,TYP_VOZIDLA) values ('BA956AT',215,'N');
Insert into ILLO2.VOZIDLO (SPZ,ID_PREUKAZ,TYP_VOZIDLA) values ('BB496AM',216,'N');
Insert into ILLO2.VOZIDLO (SPZ,ID_PREUKAZ,TYP_VOZIDLA) values ('BA433FO',217,'N');
Insert into ILLO2.VOZIDLO (SPZ,ID_PREUKAZ,TYP_VOZIDLA) values ('BA189BI',218,'N');
Insert into ILLO2.VOZIDLO (SPZ,ID_PREUKAZ,TYP_VOZIDLA) values ('BA528CP',219,'N');
Insert into ILLO2.VOZIDLO (SPZ,ID_PREUKAZ,TYP_VOZIDLA) values ('SE120AS',220,'N');
Insert into ILLO2.VOZIDLO (SPZ,ID_PREUKAZ,TYP_VOZIDLA) values ('BA292UH',214,'N');
Insert into ILLO2.VOZIDLO (SPZ,ID_PREUKAZ,TYP_VOZIDLA) values ('BA950RN',214,'N');
Insert into ILLO2.VOZIDLO (SPZ,ID_PREUKAZ,TYP_VOZIDLA) values ('BA374VL',200,'N');
Insert into ILLO2.VOZIDLO (SPZ,ID_PREUKAZ,TYP_VOZIDLA) values ('BL437GZ',203,'N');
Insert into ILLO2.VOZIDLO (SPZ,ID_PREUKAZ,TYP_VOZIDLA) values ('RV818BV',204,'N');
Insert into ILLO2.VOZIDLO (SPZ,ID_PREUKAZ,TYP_VOZIDLA) values ('BL560JH',205,'N');
Insert into ILLO2.VOZIDLO (SPZ,ID_PREUKAZ,TYP_VOZIDLA) values ('BA042JE',null,'N');
Insert into ILLO2.VOZIDLO (SPZ,ID_PREUKAZ,TYP_VOZIDLA) values ('BA511TE',null,'N');
Insert into ILLO2.VOZIDLO (SPZ,ID_PREUKAZ,TYP_VOZIDLA) values ('BA330VG',null,'N');
Insert into ILLO2.VOZIDLO (SPZ,ID_PREUKAZ,TYP_VOZIDLA) values ('BA028VL',null,'N');
Insert into ILLO2.VOZIDLO (SPZ,ID_PREUKAZ,TYP_VOZIDLA) values ('BL437KO',null,'N');
Insert into ILLO2.VOZIDLO (SPZ,ID_PREUKAZ,TYP_VOZIDLA) values ('BA228LM',null,'N');
Insert into ILLO2.VOZIDLO (SPZ,ID_PREUKAZ,TYP_VOZIDLA) values ('BA928ML',null,'N');
Insert into ILLO2.VOZIDLO (SPZ,ID_PREUKAZ,TYP_VOZIDLA) values ('BA806KP',null,'N');
Insert into ILLO2.VOZIDLO (SPZ,ID_PREUKAZ,TYP_VOZIDLA) values ('TO803AZ',null,'N');
Insert into ILLO2.VOZIDLO (SPZ,ID_PREUKAZ,TYP_VOZIDLA) values ('BA341KR',null,'N');
Insert into ILLO2.VOZIDLO (SPZ,ID_PREUKAZ,TYP_VOZIDLA) values ('BA185CK',null,'N');
Insert into ILLO2.VOZIDLO (SPZ,ID_PREUKAZ,TYP_VOZIDLA) values ('BA311HC',201,'A');
Insert into ILLO2.VOZIDLO (SPZ,ID_PREUKAZ,TYP_VOZIDLA) values ('BA737CK',245,'A');
Insert into ILLO2.VOZIDLO (SPZ,ID_PREUKAZ,TYP_VOZIDLA) values ('RS797BB',246,'A');
Insert into ILLO2.VOZIDLO (SPZ,ID_PREUKAZ,TYP_VOZIDLA) values ('SA247BE',247,'A');
Insert into ILLO2.VOZIDLO (SPZ,ID_PREUKAZ,TYP_VOZIDLA) values ('MI660CR',248,'A');
Insert into ILLO2.VOZIDLO (SPZ,ID_PREUKAZ,TYP_VOZIDLA) values ('MA502BY',249,'A');
Insert into ILLO2.VOZIDLO (SPZ,ID_PREUKAZ,TYP_VOZIDLA) values ('BL074AD',250,'A');
Insert into ILLO2.VOZIDLO (SPZ,ID_PREUKAZ,TYP_VOZIDLA) values ('ZA123AA',1,'O');
Insert into ILLO2.VOZIDLO (SPZ,ID_PREUKAZ,TYP_VOZIDLA) values ('ZA321BB',2,'A');
Insert into ILLO2.VOZIDLO (SPZ,ID_PREUKAZ,TYP_VOZIDLA) values ('BA456AA',3,'O');
Insert into ILLO2.VOZIDLO (SPZ,ID_PREUKAZ,TYP_VOZIDLA) values ('BA456AB',3,'N');
Insert into ILLO2.VOZIDLO (SPZ,ID_PREUKAZ,TYP_VOZIDLA) values ('BA456AC',3,'N');
Insert into ILLO2.VOZIDLO (SPZ,ID_PREUKAZ,TYP_VOZIDLA) values ('BA456AD',3,'A');
Insert into ILLO2.VOZIDLO (SPZ,ID_PREUKAZ,TYP_VOZIDLA) values ('ZA789EQ',4,'O');
Insert into ILLO2.VOZIDLO (SPZ,ID_PREUKAZ,TYP_VOZIDLA) values ('ZA555FE',5,'O');
REM INSERTING into ILLO2.ZAKAZNIK
SET DEFINE OFF;
Insert into ILLO2.ZAKAZNIK (ID_ZAKAZNIK,MENO,PRIEZVISKO,TYP) values (300,'Michal','Horvath','S');
Insert into ILLO2.ZAKAZNIK (ID_ZAKAZNIK,MENO,PRIEZVISKO,TYP) values (301,'Jaroslav','Krilek','S');
Insert into ILLO2.ZAKAZNIK (ID_ZAKAZNIK,MENO,PRIEZVISKO,TYP) values (302,'Barbora','Brezovska','S');
Insert into ILLO2.ZAKAZNIK (ID_ZAKAZNIK,MENO,PRIEZVISKO,TYP) values (303,'Patrik','Juramik','S');
Insert into ILLO2.ZAKAZNIK (ID_ZAKAZNIK,MENO,PRIEZVISKO,TYP) values (304,'Ludovit','Banovec','S');
Insert into ILLO2.ZAKAZNIK (ID_ZAKAZNIK,MENO,PRIEZVISKO,TYP) values (305,'Martin','Mlynarcik','S');
Insert into ILLO2.ZAKAZNIK (ID_ZAKAZNIK,MENO,PRIEZVISKO,TYP) values (306,'Filip','Bayer','S');
Insert into ILLO2.ZAKAZNIK (ID_ZAKAZNIK,MENO,PRIEZVISKO,TYP) values (307,'Matej','Novysedlak','S');
Insert into ILLO2.ZAKAZNIK (ID_ZAKAZNIK,MENO,PRIEZVISKO,TYP) values (308,'Vladimir','Vilimek','S');
Insert into ILLO2.ZAKAZNIK (ID_ZAKAZNIK,MENO,PRIEZVISKO,TYP) values (309,'Juraj','Vecerek','S');
Insert into ILLO2.ZAKAZNIK (ID_ZAKAZNIK,MENO,PRIEZVISKO,TYP) values (310,'Pavol','Zernovic','S');
Insert into ILLO2.ZAKAZNIK (ID_ZAKAZNIK,MENO,PRIEZVISKO,TYP) values (311,'Ladislav','Simek','S');
Insert into ILLO2.ZAKAZNIK (ID_ZAKAZNIK,MENO,PRIEZVISKO,TYP) values (312,'Branislav','Loksa','S');
Insert into ILLO2.ZAKAZNIK (ID_ZAKAZNIK,MENO,PRIEZVISKO,TYP) values (313,'Matus','Onger','S');
Insert into ILLO2.ZAKAZNIK (ID_ZAKAZNIK,MENO,PRIEZVISKO,TYP) values (314,'Miroslav','Plica','S');
Insert into ILLO2.ZAKAZNIK (ID_ZAKAZNIK,MENO,PRIEZVISKO,TYP) values (315,'Miroslav','Pastorek','S');
Insert into ILLO2.ZAKAZNIK (ID_ZAKAZNIK,MENO,PRIEZVISKO,TYP) values (316,'Richard','Gustinak','S');
Insert into ILLO2.ZAKAZNIK (ID_ZAKAZNIK,MENO,PRIEZVISKO,TYP) values (317,'Rostislav','Halcin','S');
Insert into ILLO2.ZAKAZNIK (ID_ZAKAZNIK,MENO,PRIEZVISKO,TYP) values (318,'Tomas','Pollak','S');
Insert into ILLO2.ZAKAZNIK (ID_ZAKAZNIK,MENO,PRIEZVISKO,TYP) values (319,'Jan','Smilnak','S');
Insert into ILLO2.ZAKAZNIK (ID_ZAKAZNIK,MENO,PRIEZVISKO,TYP) values (320,'Rastislav','Petrus','S');
Insert into ILLO2.ZAKAZNIK (ID_ZAKAZNIK,MENO,PRIEZVISKO,TYP) values (321,'Andrej','Snajdar','F');
Insert into ILLO2.ZAKAZNIK (ID_ZAKAZNIK,MENO,PRIEZVISKO,TYP) values (322,'Jan','Galis','F');
Insert into ILLO2.ZAKAZNIK (ID_ZAKAZNIK,MENO,PRIEZVISKO,TYP) values (323,'Stefan','Lacko','F');
Insert into ILLO2.ZAKAZNIK (ID_ZAKAZNIK,MENO,PRIEZVISKO,TYP) values (324,'Lukas','Manik','F');
Insert into ILLO2.ZAKAZNIK (ID_ZAKAZNIK,MENO,PRIEZVISKO,TYP) values (325,'Martin','Hammerle','F');
Insert into ILLO2.ZAKAZNIK (ID_ZAKAZNIK,MENO,PRIEZVISKO,TYP) values (326,'Zuzana','Hasanova','F');
Insert into ILLO2.ZAKAZNIK (ID_ZAKAZNIK,MENO,PRIEZVISKO,TYP) values (327,'Rastislav','Gieci','F');
Insert into ILLO2.ZAKAZNIK (ID_ZAKAZNIK,MENO,PRIEZVISKO,TYP) values (328,'Martina','Pravdova','F');
Insert into ILLO2.ZAKAZNIK (ID_ZAKAZNIK,MENO,PRIEZVISKO,TYP) values (329,'Anna','Gracova','F');
Insert into ILLO2.ZAKAZNIK (ID_ZAKAZNIK,MENO,PRIEZVISKO,TYP) values (330,'Jaroslav','Slavik','F');
Insert into ILLO2.ZAKAZNIK (ID_ZAKAZNIK,MENO,PRIEZVISKO,TYP) values (331,'Stefan','Sukenik','Z');
Insert into ILLO2.ZAKAZNIK (ID_ZAKAZNIK,MENO,PRIEZVISKO,TYP) values (332,'Svatopluk','Imrich','Z');
Insert into ILLO2.ZAKAZNIK (ID_ZAKAZNIK,MENO,PRIEZVISKO,TYP) values (333,'Richard','Polascin','Z');
Insert into ILLO2.ZAKAZNIK (ID_ZAKAZNIK,MENO,PRIEZVISKO,TYP) values (334,'Igor','Zatek','Z');
Insert into ILLO2.ZAKAZNIK (ID_ZAKAZNIK,MENO,PRIEZVISKO,TYP) values (335,'Michal','Kovacik','Z');
Insert into ILLO2.ZAKAZNIK (ID_ZAKAZNIK,MENO,PRIEZVISKO,TYP) values (336,'Martin','Koutny','Z');
Insert into ILLO2.ZAKAZNIK (ID_ZAKAZNIK,MENO,PRIEZVISKO,TYP) values (337,'Peter','Minich','Z');
Insert into ILLO2.ZAKAZNIK (ID_ZAKAZNIK,MENO,PRIEZVISKO,TYP) values (338,'Matej','Racek','Z');
Insert into ILLO2.ZAKAZNIK (ID_ZAKAZNIK,MENO,PRIEZVISKO,TYP) values (339,'Ivo','Cvacho','Z');
Insert into ILLO2.ZAKAZNIK (ID_ZAKAZNIK,MENO,PRIEZVISKO,TYP) values (340,'Roman','Chabada','Z');
Insert into ILLO2.ZAKAZNIK (ID_ZAKAZNIK,MENO,PRIEZVISKO,TYP) values (341,'Martin','Bouz','Z');
Insert into ILLO2.ZAKAZNIK (ID_ZAKAZNIK,MENO,PRIEZVISKO,TYP) values (342,'Matej','Regec','Z');
Insert into ILLO2.ZAKAZNIK (ID_ZAKAZNIK,MENO,PRIEZVISKO,TYP) values (343,'Marian','Gocal','Z');
Insert into ILLO2.ZAKAZNIK (ID_ZAKAZNIK,MENO,PRIEZVISKO,TYP) values (344,'Juraj','Feran','Z');
Insert into ILLO2.ZAKAZNIK (ID_ZAKAZNIK,MENO,PRIEZVISKO,TYP) values (345,'Ivana','Kmetova','Z');
Insert into ILLO2.ZAKAZNIK (ID_ZAKAZNIK,MENO,PRIEZVISKO,TYP) values (346,'Ivana','Ivaskova','Z');
Insert into ILLO2.ZAKAZNIK (ID_ZAKAZNIK,MENO,PRIEZVISKO,TYP) values (347,'Martin','Sumsala','Z');
Insert into ILLO2.ZAKAZNIK (ID_ZAKAZNIK,MENO,PRIEZVISKO,TYP) values (348,'Peter','Korenciak','Z');
Insert into ILLO2.ZAKAZNIK (ID_ZAKAZNIK,MENO,PRIEZVISKO,TYP) values (349,'Viera','Gronerova','Z');
Insert into ILLO2.ZAKAZNIK (ID_ZAKAZNIK,MENO,PRIEZVISKO,TYP) values (350,'Andrej','Bohus','Z');
Insert into ILLO2.ZAKAZNIK (ID_ZAKAZNIK,MENO,PRIEZVISKO,TYP) values (1,'Jan','Franek','S');
Insert into ILLO2.ZAKAZNIK (ID_ZAKAZNIK,MENO,PRIEZVISKO,TYP) values (2,'Andrej','Gregus','S');
Insert into ILLO2.ZAKAZNIK (ID_ZAKAZNIK,MENO,PRIEZVISKO,TYP) values (3,'Alexander','Velky','F');
Insert into ILLO2.ZAKAZNIK (ID_ZAKAZNIK,MENO,PRIEZVISKO,TYP) values (4,'Rastislav','Stefanik','Z');
Insert into ILLO2.ZAKAZNIK (ID_ZAKAZNIK,MENO,PRIEZVISKO,TYP) values (5,'Ferdinand','Lehotsky','Z');
REM INSERTING into ILLO2.ZLAVA
SET DEFINE OFF;
Insert into ILLO2.ZLAVA (ID_ZLAVA,NAZOV,PERCENTA,ODKEDY,DOKEDY) values (200,'Zlava5',5,to_date('01-JAN-14','DD-MON-RR'),to_date('01-JAN-18','DD-MON-RR'));
Insert into ILLO2.ZLAVA (ID_ZLAVA,NAZOV,PERCENTA,ODKEDY,DOKEDY) values (201,'Zlava10',10,to_date('01-JAN-14','DD-MON-RR'),to_date('01-JAN-18','DD-MON-RR'));
Insert into ILLO2.ZLAVA (ID_ZLAVA,NAZOV,PERCENTA,ODKEDY,DOKEDY) values (202,'Zlava15',15,to_date('01-JAN-14','DD-MON-RR'),to_date('01-JAN-18','DD-MON-RR'));
Insert into ILLO2.ZLAVA (ID_ZLAVA,NAZOV,PERCENTA,ODKEDY,DOKEDY) values (203,'Zlava20',20,to_date('01-JAN-14','DD-MON-RR'),to_date('01-JAN-18','DD-MON-RR'));
Insert into ILLO2.ZLAVA (ID_ZLAVA,NAZOV,PERCENTA,ODKEDY,DOKEDY) values (204,'Zlava25',25,to_date('01-JAN-14','DD-MON-RR'),to_date('01-JAN-18','DD-MON-RR'));
Insert into ILLO2.ZLAVA (ID_ZLAVA,NAZOV,PERCENTA,ODKEDY,DOKEDY) values (205,'Zlava30',30,to_date('01-JAN-14','DD-MON-RR'),to_date('01-JAN-18','DD-MON-RR'));
Insert into ILLO2.ZLAVA (ID_ZLAVA,NAZOV,PERCENTA,ODKEDY,DOKEDY) values (206,'Kupon5',5,to_date('01-JAN-14','DD-MON-RR'),to_date('01-JAN-18','DD-MON-RR'));
Insert into ILLO2.ZLAVA (ID_ZLAVA,NAZOV,PERCENTA,ODKEDY,DOKEDY) values (207,'Kupon8',8,to_date('01-JAN-14','DD-MON-RR'),to_date('01-JAN-18','DD-MON-RR'));
Insert into ILLO2.ZLAVA (ID_ZLAVA,NAZOV,PERCENTA,ODKEDY,DOKEDY) values (208,'Kupon10',10,to_date('01-JAN-14','DD-MON-RR'),to_date('01-JAN-18','DD-MON-RR'));
Insert into ILLO2.ZLAVA (ID_ZLAVA,NAZOV,PERCENTA,ODKEDY,DOKEDY) values (209,'Kupon12',12,to_date('01-JAN-14','DD-MON-RR'),to_date('01-JAN-18','DD-MON-RR'));
Insert into ILLO2.ZLAVA (ID_ZLAVA,NAZOV,PERCENTA,ODKEDY,DOKEDY) values (210,'Kupon15',15,to_date('01-JAN-14','DD-MON-RR'),to_date('01-JAN-18','DD-MON-RR'));
Insert into ILLO2.ZLAVA (ID_ZLAVA,NAZOV,PERCENTA,ODKEDY,DOKEDY) values (1,'Jarna zlava',25,to_date('20-MAR-13','DD-MON-RR'),to_date('20-JUN-13','DD-MON-RR'));
Insert into ILLO2.ZLAVA (ID_ZLAVA,NAZOV,PERCENTA,ODKEDY,DOKEDY) values (2,'Prazdninova zlava',20,to_date('01-JUL-15','DD-MON-RR'),to_date('31-AUG-15','DD-MON-RR'));
Insert into ILLO2.ZLAVA (ID_ZLAVA,NAZOV,PERCENTA,ODKEDY,DOKEDY) values (3,'Vianocna zlava',30,to_date('20-DEC-15','DD-MON-RR'),to_date('06-JAN-16','DD-MON-RR'));
Insert into ILLO2.ZLAVA (ID_ZLAVA,NAZOV,PERCENTA,ODKEDY,DOKEDY) values (4,'Prazdninova zlava',20,to_date('01-JUL-16','DD-MON-RR'),to_date('31-AUG-16','DD-MON-RR'));
Insert into ILLO2.ZLAVA (ID_ZLAVA,NAZOV,PERCENTA,ODKEDY,DOKEDY) values (5,'Vianocna zlava',30,to_date('20-DEC-16','DD-MON-RR'),to_date('06-JAN-17','DD-MON-RR'));
REM INSERTING into ILLO2.ZLAVA_NA_PREUKAZ
SET DEFINE OFF;
Insert into ILLO2.ZLAVA_NA_PREUKAZ (ID_PREUKAZ,ID_ZLAVA,ZACIATOK_PLATNOSTI,DOKEDY) values (201,203,to_date('20-SEP-16','DD-MON-RR'),to_date('20-SEP-17','DD-MON-RR'));
Insert into ILLO2.ZLAVA_NA_PREUKAZ (ID_PREUKAZ,ID_ZLAVA,ZACIATOK_PLATNOSTI,DOKEDY) values (202,204,to_date('10-SEP-16','DD-MON-RR'),to_date('10-SEP-17','DD-MON-RR'));
Insert into ILLO2.ZLAVA_NA_PREUKAZ (ID_PREUKAZ,ID_ZLAVA,ZACIATOK_PLATNOSTI,DOKEDY) values (203,210,to_date('09-JAN-15','DD-MON-RR'),to_date('09-JAN-17','DD-MON-RR'));
Insert into ILLO2.ZLAVA_NA_PREUKAZ (ID_PREUKAZ,ID_ZLAVA,ZACIATOK_PLATNOSTI,DOKEDY) values (1,1,to_date('10-APR-13','DD-MON-RR'),null);
Insert into ILLO2.ZLAVA_NA_PREUKAZ (ID_PREUKAZ,ID_ZLAVA,ZACIATOK_PLATNOSTI,DOKEDY) values (2,2,to_date('03-JUL-15','DD-MON-RR'),null);
Insert into ILLO2.ZLAVA_NA_PREUKAZ (ID_PREUKAZ,ID_ZLAVA,ZACIATOK_PLATNOSTI,DOKEDY) values (3,3,to_date('24-DEC-15','DD-MON-RR'),null);
Insert into ILLO2.ZLAVA_NA_PREUKAZ (ID_PREUKAZ,ID_ZLAVA,ZACIATOK_PLATNOSTI,DOKEDY) values (4,4,to_date('29-AUG-16','DD-MON-RR'),null);
Insert into ILLO2.ZLAVA_NA_PREUKAZ (ID_PREUKAZ,ID_ZLAVA,ZACIATOK_PLATNOSTI,DOKEDY) values (5,5,to_date('01-JAN-17','DD-MON-RR'),null);
Insert into ILLO2.ZLAVA_NA_PREUKAZ (ID_PREUKAZ,ID_ZLAVA,ZACIATOK_PLATNOSTI,DOKEDY) values (204,210,to_date('08-MAY-15','DD-MON-RR'),to_date('12-DEC-17','DD-MON-RR'));
REM INSERTING into ILLO2.ZONA
SET DEFINE OFF;
Insert into ILLO2.ZONA (ID_ZONA,MAXIMALNA_DOBA,TYP_VOZIDLO,TYP_ZONA) values (50,6,'O','Z');
Insert into ILLO2.ZONA (ID_ZONA,MAXIMALNA_DOBA,TYP_VOZIDLO,TYP_ZONA) values (51,1,'O','V');
Insert into ILLO2.ZONA (ID_ZONA,MAXIMALNA_DOBA,TYP_VOZIDLO,TYP_ZONA) values (52,2,'O','V');
Insert into ILLO2.ZONA (ID_ZONA,MAXIMALNA_DOBA,TYP_VOZIDLO,TYP_ZONA) values (53,2,'O','Z');
Insert into ILLO2.ZONA (ID_ZONA,MAXIMALNA_DOBA,TYP_VOZIDLO,TYP_ZONA) values (54,3,'O','Z');
Insert into ILLO2.ZONA (ID_ZONA,MAXIMALNA_DOBA,TYP_VOZIDLO,TYP_ZONA) values (55,6,'O','Z');
Insert into ILLO2.ZONA (ID_ZONA,MAXIMALNA_DOBA,TYP_VOZIDLO,TYP_ZONA) values (56,8,'O','Z');
Insert into ILLO2.ZONA (ID_ZONA,MAXIMALNA_DOBA,TYP_VOZIDLO,TYP_ZONA) values (57,10,'O','Z');
Insert into ILLO2.ZONA (ID_ZONA,MAXIMALNA_DOBA,TYP_VOZIDLO,TYP_ZONA) values (58,10,'O','Z');
Insert into ILLO2.ZONA (ID_ZONA,MAXIMALNA_DOBA,TYP_VOZIDLO,TYP_ZONA) values (59,10,'O','Z');
Insert into ILLO2.ZONA (ID_ZONA,MAXIMALNA_DOBA,TYP_VOZIDLO,TYP_ZONA) values (60,4,'N','V');
Insert into ILLO2.ZONA (ID_ZONA,MAXIMALNA_DOBA,TYP_VOZIDLO,TYP_ZONA) values (61,4,'N','V');
Insert into ILLO2.ZONA (ID_ZONA,MAXIMALNA_DOBA,TYP_VOZIDLO,TYP_ZONA) values (62,5,'N','V');
Insert into ILLO2.ZONA (ID_ZONA,MAXIMALNA_DOBA,TYP_VOZIDLO,TYP_ZONA) values (63,11,'N','V');
Insert into ILLO2.ZONA (ID_ZONA,MAXIMALNA_DOBA,TYP_VOZIDLO,TYP_ZONA) values (64,11,'N','V');
Insert into ILLO2.ZONA (ID_ZONA,MAXIMALNA_DOBA,TYP_VOZIDLO,TYP_ZONA) values (65,9,'A','V');
Insert into ILLO2.ZONA (ID_ZONA,MAXIMALNA_DOBA,TYP_VOZIDLO,TYP_ZONA) values (66,12,'A','V');
Insert into ILLO2.ZONA (ID_ZONA,MAXIMALNA_DOBA,TYP_VOZIDLO,TYP_ZONA) values (1,50,'O','V');
Insert into ILLO2.ZONA (ID_ZONA,MAXIMALNA_DOBA,TYP_VOZIDLO,TYP_ZONA) values (2,100,'O','Z');
Insert into ILLO2.ZONA (ID_ZONA,MAXIMALNA_DOBA,TYP_VOZIDLO,TYP_ZONA) values (3,50,'A','V');
Insert into ILLO2.ZONA (ID_ZONA,MAXIMALNA_DOBA,TYP_VOZIDLO,TYP_ZONA) values (4,50,'N','V');
Insert into ILLO2.ZONA (ID_ZONA,MAXIMALNA_DOBA,TYP_VOZIDLO,TYP_ZONA) values (5,100,'N','Z');